t_wall,t_elapsed_sec,stage,policy_class,ckpt_dir,meas_x_mm,meas_y_mm,meas_z_mm,meas_rx,meas_ry,meas_rz,meas_fx_N,meas_fy_N,meas_fz_N,cmd_x_mm,cmd_y_mm,cmd_z_mm,cmd_rx,cmd_ry,cmd_rz,cmd_fx_N,cmd_fy_N,cmd_fz_N,contact,cmd_safety_blocked
1786180946.9427927,0.019165432997397147,APPROACH,FLOW,/home/eunseop/nrs_imitation/checkpoints/flow/polishing/single_cam/20260802_1549,302.40325927734375,298.6895751953125,198.85035705566406,0.00011940155673073605,0.00018694625759962946,1.570804238319397,0.1393081545829773,-0.5007465481758118,0.2616962492465973,302.40325927734375,298.6895751953125,198.85035705566406,0.00011940155673073605,0.00018694625759962946,1.570804238319397,0.0,0.0,0.0,0,0
1786180946.9515374,0.027910111006349325,APPROACH,FLOW,/home/eunseop/nrs_imitation/checkpoints/flow/polishing/single_cam/20260802_1549,302.4393005371094,298.6873474121094,198.85006713867188,6.824770389357582e-05,0.00013617624063044786,1.5707682371139526,0.19164448976516724,-0.10791993886232376,-0.10835323482751846,302.4393005371094,298.6873474121094,198.85006713867188,6.824770389357582e-05,0.00013617624063044786,1.5707682371139526,0.0,0.0,0.0,0,0
1786180946.9588063,0.03517905900662299,APPROACH,FLOW,/home/eunseop/nrs_imitation/checkpoints/flow/polishing/single_cam/20260802_1549,302.39764404296875,298.6888732910156,198.84637451171875,0.00014211010420694947,0.0001664957235334441,1.570816159248352,-0.24077586829662323,-0.27792009711265564,0.3173631429672241,302.439697265625,298.6872863769531,198.8502960205078,6.749650492565706e-05,0.0001354475534753874,1.5707669258117676,0.0,0.0,0.0,0,0
1786180946.9667628,0.04313551100494806,APPROACH,FLOW,/home/eunseop/nrs_imitation/checkpoints/flow/polishing/single_cam/20260802_1549,302.4047546386719,298.6810607910156,198.84251403808594,0.00011457426444394514,0.00019870468531735241,1.5707801580429077,0.22171561419963837,-0.4631035625934601,0.2979961335659027,302.4408874511719,298.68707275390625,198.85093688964844,6.525744538521394e-05,0.00013327559281606227,1.5707626342773438,0.0,0.0,0.0,0,0
1786180946.9748254,0.051198276996728964,APPROACH,FLOW,/home/eunseop/nrs_imitation/checkpoints/flow/polishing/single_cam/20260802_1549,302.41278076171875,298.67462158203125,198.8267364501953,9.51841429923661e-05,0.00017585915338713676,1.570792317390442,-0.021794931963086128,-0.4964383542537689,0.3952542543411255,302.4429016113281,298.686767578125,198.85202026367188,6.151533307274804e-05,0.00012964564666617662,1.5707557201385498,0.0,0.0,0.0,0,0
1786180946.9827747,0.05914752499666065,APPROACH,FLOW,/home/eunseop/nrs_imitation/checkpoints/flow/polishing/single_cam/20260802_1549,302.4123229980469,298.6868591308594,198.8637237548828,0.0001298566348850727,0.00016146825510077178,1.5707322359085083,-0.1719098836183548,0.4063848555088043,0.4162302017211914,302.4456481933594,298.6863098144531,198.85354614257812,5.630275700241327e-05,0.00012458926357794553,1.5707459449768066,0.0,0.0,0.0,0,0
1786180947.0106876,0.0870604009978706,APPROACH,FLOW,/home/eunseop/nrs_imitation/checkpoints/flow/polishing/single_cam/20260802_1549,302.4102783203125,298.6832275390625,198.8453369140625,0.00014945310249458998,0.00018382005509920418,1.5707321166992188,0.06625612825155258,-0.5746930837631226,0.545659065246582,302.4614562988281,298.6836853027344,198.86219787597656,2.6587138563627377e-05,9.576421871315688e-05,1.570690631866455,0.0,0.0,0.0,0,0
1786180947.0148141,0.09118692099582404,APPROACH,FLOW,/home/eunseop/nrs_imitation/checkpoints/flow/polishing/single_cam/20260802_1549,302.41937255859375,298.677490234375,198.8581085205078,9.78973985183984e-05,0.00013403345656115562,1.570804238319397,0.23858191072940826,-0.03434444218873978,0.07249569892883301,302.464599609375,298.6831359863281,198.86390686035156,2.066443266812712e-05,9.001902071759105e-05,1.5706795454025269,0.0,0.0,0.0,0,0
1786180947.0227582,0.09913090900226962,APPROACH,FLOW,/home/eunseop/nrs_imitation/checkpoints/flow/polishing/single_cam/20260802_1549,302.41510009765625,298.69293212890625,198.84671020507812,0.00011749019176932052,0.00015638857439626008,1.570804238319397,0.09646820276975632,-0.18394401669502258,0.1626695692539215,302.4712829589844,298.68206787109375,198.86756896972656,8.13051883596927e-06,7.786073547322303e-05,1.5706562995910645,0.0,0.0,0.0,0,0
1786180947.0322156,0.1085883509949781,APPROACH,FLOW,/home/eunseop/nrs_imitation/checkpoints/flow/polishing/single_cam/20260802_1549,302.4354553222656,298.666015625,198.83958435058594,6.82502577546984e-05,0.0001361752365482971,1.5707802772521973,0.21404944360256195,-0.3206503093242645,0.34996703267097473,302.4801940917969,298.68060302734375,198.8724365234375,-8.56155384099111e-06,6.166893581394106e-05,1.5706251859664917,0.0,0.0,0.0,0,0
1786180947.0387676,0.11514027700468432,APPROACH,FLOW,/home/eunseop/nrs_imitation/checkpoints/flow/polishing/single_cam/20260802_1549,302.4350280761719,298.7015075683594,198.87887573242188,7.327611092478037e-05,0.000123928053653799,1.570816159248352,0.2052680402994156,-0.2578476071357727,0.3401237726211548,302.48699951171875,298.679443359375,198.8761444091797,-2.1370055037550628e-05,4.924429231323302e-05,1.5706013441085815,0.0,0.0,0.0,0,0
1786180947.0467584,0.12313116500445176,APPROACH,FLOW,/home/eunseop/nrs_imitation/checkpoints/flow/polishing/single_cam/20260802_1549,302.42315673828125,298.6999206542969,198.84011840820312,0.00011749207624234259,0.00015638716286048293,1.570804238319397,-0.12192938476800919,-0.06369901448488235,0.3730527460575104,302.4960021972656,298.677978515625,198.88108825683594,-3.828515036730096e-05,3.283613477833569e-05,1.5705698728561401,0.0,0.0,0.0,0,0
1786180947.0547614,0.13113437700667419,APPROACH,FLOW,/home/eunseop/nrs_imitation/checkpoints/flow/polishing/single_cam/20260802_1549,302.4150695800781,298.68011474609375,198.8119659423828,9.015492105390877e-05,0.00018810843175742775,1.5707802772521973,0.21523459255695343,-0.19326038658618927,0.348783016204834,302.5057373046875,298.67633056640625,198.88641357421875,-5.6644363212399185e-05,1.5027137123979628e-05,1.5705355405807495,0.0,0.0,0.0,0,0
1786180947.06282,0.13919276400702074,APPROACH,FLOW,/home/eunseop/nrs_imitation/checkpoints/flow/polishing/single_cam/20260802_1549,302.3901062011719,298.6947326660156,198.84738159179688,0.0001198036625282839,0.00018596858717501163,1.570864200592041,0.38522645831108093,-0.27658015489578247,0.3808138966560364,302.5163269042969,298.6745910644531,198.89219665527344,-7.649126200703904e-05,-4.224959411658347e-06,1.5704987049102783,0.0,0.0,0.0,0,0
1786180947.0708146,0.14718774899665732,APPROACH,FLOW,/home/eunseop/nrs_imitation/checkpoints/flow/polishing/single_cam/20260802_1549,302.41119384765625,298.6957092285156,198.85157775878906,0.0001227153406944126,0.00014365199604071677,1.5707801580429077,0.32620254158973694,-0.44940510392189026,0.35584357380867004,302.5276184082031,298.6727294921875,198.89837646484375,-9.77307790890336e-05,-2.4827924789860845e-05,1.5704591274261475,0.0,0.0,0.0,0,0
1786180947.0787911,0.1551638889941387,APPROACH,FLOW,/home/eunseop/nrs_imitation/checkpoints/flow/polishing/single_cam/20260802_1549,302.4371643066406,298.6578369140625,198.83819580078125,6.322333501884714e-05,0.00014842372911516577,1.5707682371139526,-0.05164113640785217,-0.20666290819644928,0.16794195771217346,302.5396728515625,298.67071533203125,198.90496826171875,-0.00012034362589474767,-4.676308890338987e-05,1.570416808128357,0.0,0.0,0.0,0,0
1786180947.0867755,0.16314837499521673,APPROACH,FLOW,/home/eunseop/nrs_imitation/checkpoints/flow/polishing/single_cam/20260802_1549,302.4237060546875,298.687255859375,198.8472442626953,7.036046008579433e-05,0.00016624380077701062,1.5707921981811523,0.10041917115449905,-0.0956527590751648,0.043507710099220276,302.5524597167969,298.6686096191406,198.91197204589844,-0.00014442388783209026,-7.012166315689683e-05,1.5703721046447754,0.0,0.0,0.0,0,0
1786180947.0953023,0.17167512699961662,APPROACH,FLOW,/home/eunseop/nrs_imitation/checkpoints/flow/polishing/single_cam/20260802_1549,302.40545654296875,298.6942443847656,198.8314208984375,0.00011226310016354546,0.00016912835417315364,1.5708638429641724,0.24697360396385193,0.18752528727054596,0.062229935079813004,302.5669250488281,298.6662292480469,198.91989135742188,-0.00017162928998004645,-9.651172149460763e-05,1.5703214406967163,0.0,0.0,0.0,0,0
1786180947.1027594,0.17913214399595745,APPROACH,FLOW,/home/eunseop/nrs_imitation/checkpoints/flow/polishing/single_cam/20260802_1549,302.41400146484375,298.6780090332031,198.83489990234375,0.00011246434587519616,0.00016863631026353687,1.570804238319397,0.32583916187286377,-0.7283340096473694,0.291032999753952,302.5803527832031,298.66400146484375,198.92723083496094,-0.00019681177218444645,-0.00012093946861568838,1.5702745914459229,0.0,0.0,0.0,0,0
1786180947.1108327,0.18720553899765946,APPROACH,FLOW,/home/eunseop/nrs_imitation/checkpoints/flow/polishing/single_cam/20260802_1549,302.40765380859375,298.71234130859375,198.86305236816406,0.00013991740706842393,0.0001369700621580705,1.5708402395248413,0.044367462396621704,-0.2296176701784134,0.2001858353614807,302.5954895019531,298.6614990234375,198.9355010986328,-0.00022520573111250997,-0.00014848250430077314,1.5702216625213623,0.0,0.0,0.0,0,0
1786180947.1187654,0.19513815600657836,APPROACH,FLOW,/home/eunseop/nrs_imitation/checkpoints/flow/polishing/single_cam/20260802_1549,302.4042663574219,298.6798400878906,198.8286590576172,0.00011457151413196698,0.00019870541291311383,1.570756196975708,-0.005980774760246277,-0.31601592898368835,0.170608788728714,302.61126708984375,298.6589050292969,198.94412231445312,-0.000254864280577749,-0.00017725220823194832,1.5701663494110107,0.0,0.0,0.0,0,0
1786180947.1268408,0.20321369500015862,APPROACH,FLOW,/home/eunseop/nrs_imitation/checkpoints/flow/polishing/single_cam/20260802_1549,302.4106750488281,298.6939392089844,198.85174560546875,9.980935283238068e-05,0.0001645914453547448,1.5708281993865967,0.3839767575263977,-0.2656219005584717,-0.22069521248340607,302.6278381347656,298.6561279296875,198.9532012939453,-0.0002860499080270529,-0.0002075032243737951,1.5701082944869995,0.0,0.0,0.0,0,0
1786180947.1348212,0.21119389300292823,APPROACH,FLOW,/home/eunseop/nrs_imitation/checkpoints/flow/polishing/single_cam/20260802_1549,302.39788818359375,298.6754455566406,198.82859802246094,8.995214011520147e-05,0.00018860069394577295,1.5708281993865967,-0.09494033455848694,-0.02495708130300045,0.12959064543247223,302.6451416015625,298.65325927734375,198.96267700195312,-0.00031856988789513707,-0.00023904857516754419,1.5700476169586182,0.0,0.0,0.0,0,0
1786180947.1439075,0.22028026499901898,APPROACH,FLOW,/home/eunseop/nrs_imitation/checkpoints/flow/polishing/single_cam/20260802_1549,302.39007568359375,298.68304443359375,198.8253631591797,0.0001270223583560437,0.00020324492652434856,1.5708041191101074,0.41989797353744507,-0.3563051223754883,-0.16036497056484222,302.6657409667969,298.6498718261719,198.9739532470703,-0.0003573128196876496,-0.0002766303950920701,1.56997549533844,0.0,0.0,0.0,0,0
1786180947.150776,0.2271487270045327,APPROACH,FLOW,/home/eunseop/nrs_imitation/checkpoints/flow/polishing/single_cam/20260802_1549,302.424072265625,298.70166015625,198.84011840820312,0.00010524003300815821,0.0001513610768597573,1.570792317390442,0.31373342871665955,-0.3967272937297821,0.0551401786506176,302.6819152832031,298.64715576171875,198.98277282714844,-0.00038767443038523197,-0.00030608204542659223,1.5699188709259033,0.0,0.0,0.0,0,0
1786180947.1588933,0.23526630700507667,APPROACH,FLOW,/home/eunseop/nrs_imitation/checkpoints/flow/polishing/single_cam/20260802_1549,302.421142578125,298.6811218261719,198.82554626464844,6.553702405653894e-05,0.0001780025049811229,1.5708281993865967,-0.10355960577726364,-0.0945182740688324,0.49843069911003113,302.7015686035156,298.6439208984375,198.9935302734375,-0.00042461021803319454,-0.00034191092709079385,1.5698500871658325,0.0,0.0,0.0,0,0
1786180947.1669257,0.24329853399831336,APPROACH,FLOW,/home/eunseop/nrs_imitation/checkpoints/flow/polishing/single_cam/20260802_1549,302.42291259765625,298.6597900390625,198.81512451171875,1.537175921839662e-05,0.00023012145538814366,1.570804238319397,0.04918140172958374,-0.28892982006073,0.16548490524291992,302.7218322753906,298.6405944824219,199.00460815429688,-0.0004626259324140847,-0.00037878728471696377,1.569779396057129,0.0,0.0,0.0,0,0
1786180947.1748888,0.25126179899962153,APPROACH,FLOW,/home/eunseop/nrs_imitation/checkpoints/flow/polishing/single_cam/20260802_1549,302.4107666015625,298.70880126953125,198.88076782226562,0.00017982236749958247,0.0001098369830287993,1.5707802772521973,0.28644195199012756,-0.051770057529211044,0.07209030538797379,302.7427978515625,298.63714599609375,199.01608276367188,-0.0005020506796427071,-0.00041703053284436464,1.5697059631347656,0.0,0.0,0.0,0,0
1786180947.182942,0.25931500599836,APPROACH,FLOW,/home/eunseop/nrs_imitation/checkpoints/flow/polishing/single_cam/20260802_1549,302.4232177734375,298.6739807128906,198.82598876953125,8.061749394983053e-05,0.00014125541201792657,1.5707682371139526,0.051335498690605164,-0.3708983063697815,0.2925229072570801,302.7645263671875,298.633544921875,199.02796936035156,-0.0005428788135759532,-0.0004566350835375488,1.5696299076080322,0.0,0.0,0.0,0,0
1786180947.190865,0.26723781299369875,APPROACH,FLOW,/home/eunseop/nrs_imitation/checkpoints/flow/polishing/single_cam/20260802_1549,302.4076843261719,298.6758117675781,198.84027099609375,0.00011960714618908241,0.0001864534424385056,1.570804238319397,0.11721587926149368,-0.2739514112472534,0.601697564125061,302.78692626953125,298.6297912597656,199.0402374267578,-0.0005850049201399088,-0.0004974986659362912,1.5695513486862183,0.0,0.0,0.0,0,0
1786180947.198894,0.27526688399666455,APPROACH,FLOW,/home/eunseop/nrs_imitation/checkpoints/flow/polishing/single_cam/20260802_1549,302.40472412109375,298.6930847167969,198.85018920898438,0.00013005979417357594,0.00016097884508781135,1.5707921981811523,0.24622181057929993,-0.4031735062599182,0.33603230118751526,302.8100891113281,298.6259765625,199.05288696289062,-0.0006284821429289877,-0.0005396729102358222,1.5694704055786133,0.0,0.0,0.0,0,0
1786180947.206887,0.2832598160021007,APPROACH,FLOW,/home/eunseop/nrs_imitation/checkpoints/flow/polishing/single_cam/20260802_1549,302.40472412109375,298.6930847167969,198.85018920898438,0.00013005979417357594,0.00016097884508781135,1.5707921981811523,0.17223350703716278,0.06559409946203232,0.19190116226673126,302.83392333984375,298.6220397949219,199.06594848632812,-0.000673323345836252,-0.0005831702146679163,1.5693868398666382,0.0,0.0,0.0,0,0
1786180947.214914,0.2912869730062084,APPROACH,FLOW,/home/eunseop/nrs_imitation/checkpoints/flow/polishing/single_cam/20260802_1549,302.4214782714844,298.7063293457031,198.8543243408203,9.590301488060504e-05,0.00010402005864307284,1.5708281993865967,-0.15089310705661774,-0.37925752997398376,0.13602153956890106,302.8585510253906,298.6179504394531,199.0793914794922,-0.0007195472717285156,-0.0006280087982304394,1.5693007707595825,0.0,0.0,0.0,0,0
1786180947.2228956,0.2992686329962453,APPROACH,FLOW,/home/eunseop/nrs_imitation/checkpoints/flow/polishing/single_cam/20260802_1549,302.41351318359375,298.6885070800781,198.85487365722656,0.00011047147563658655,0.00013862166088074446,1.5708401203155518,0.15204694867134094,-0.30763596296310425,0.07328920066356659,302.8838195800781,298.61376953125,199.0932159423828,-0.0007670652121305466,-0.0006741026300005615,1.5692123174667358,0.0,0.0,0.0,0,0
1786180947.23089,0.3072629280068213,APPROACH,FLOW,/home/eunseop/nrs_imitation/checkpoints/flow/polishing/single_cam/20260802_1549,302.3975524902344,298.68939208984375,198.84390258789062,0.00014422700041905046,0.0001965603732969612,1.570816159248352,0.28993815183639526,-0.028615597635507584,0.32743850350379944,302.9098205566406,298.6094665527344,199.10745239257812,-0.0008159257704392076,-0.0007214989163912833,1.569121241569519,0.0,0.0,0.0,0,0
1786180947.2389786,0.3153513919969555,APPROACH,FLOW,/home/eunseop/nrs_imitation/checkpoints/flow/polishing/single_cam/20260802_1549,302.40972900390625,298.69219970703125,198.8637237548828,0.00011748944962164387,0.00015638953482266515,1.570816159248352,0.5116658210754395,-0.4624502658843994,0.6607717871665955,302.9369812011719,298.60498046875,199.122314453125,-0.0008669824455864727,-0.0007710254285484552,1.5690261125564575,0.0,0.0,0.0,0,0
1786180947.246905,0.32327815699682105,APPROACH,FLOW,/home/eunseop/nrs_imitation/checkpoints/flow/polishing/single_cam/20260802_1549,302.4063415527344,298.6840515136719,198.82131958007812,0.00011246030771872029,0.00016863900236785412,1.570804238319397,-0.10005071759223938,0.186642125248909,0.33147549629211426,302.9639587402344,298.6004943847656,199.13705444335938,-0.0009176626917906106,-0.0008201868622563779,1.5689316987991333,0.0,0.0,0.0,0,0
1786180947.2548974,0.33127022700500675,APPROACH,FLOW,/home/eunseop/nrs_imitation/checkpoints/flow/polishing/single_cam/20260802_1549,302.42108154296875,298.6822509765625,198.85659790039062,0.00010504181409487501,0.0001518493954790756,1.570804238319397,-0.20760957896709442,-0.2635236084461212,0.13958798348903656,302.9920654296875,298.5958557128906,199.15245056152344,-0.0009704997064545751,-0.0008714402792975307,1.5688334703445435,0.0,0.0,0.0,0,0
1786180947.262891,0.33926405099919066,APPROACH,FLOW,/home/eunseop/nrs_imitation/checkpoints/flow/polishing/single_cam/20260802_1549,302.4359436035156,298.6788330078125,198.83372497558594,4.594300116878003e-05,0.00015564681962132454,1.570792317390442,0.19206644594669342,-0.5179656744003296,0.2120734006166458,303.0209045410156,298.5910949707031,199.168212890625,-0.001024661585688591,-0.0009239790379069746,1.5687323808670044,0.0,0.0,0.0,0,0
1786180947.2708893,0.3472621419932693,APPROACH,FLOW,/home/eunseop/nrs_imitation/checkpoints/flow/polishing/single_cam/20260802_1549,302.41748046875,298.6858825683594,198.85659790039062,0.00010503782687010244,0.00015185141819529235,1.5707802772521973,-0.12108804285526276,0.09899389743804932,0.12326139211654663,303.0504150390625,298.586181640625,199.1843719482422,-0.001080133719369769,-0.0009777884697541595,1.5686291456222534,0.0,0.0,0.0,0,0
1786180947.2787855,0.35515843899338506,APPROACH,FLOW,/home/eunseop/nrs_imitation/checkpoints/flow/polishing/single_cam/20260802_1549,302.3814697265625,298.6880798339844,198.82723999023438,0.00014621396258007735,0.00022657992667518556,1.570816159248352,-0.0665997788310051,-0.4187799096107483,0.37606844305992126,303.0804138183594,298.58123779296875,199.20079040527344,-0.0011365172686055303,-0.0010324823670089245,1.5685241222381592,0.0,0.0,0.0,0,0
1786180947.286908,0.36328090900497045,APPROACH,FLOW,/home/eunseop/nrs_imitation/checkpoints/flow/polishing/single_cam/20260802_1549,302.4123229980469,298.6727294921875,198.80921936035156,6.773036147933453e-05,0.00020752866112161428,1.5708281993865967,-0.28907039761543274,0.38151150941848755,0.5599794387817383,303.111572265625,298.5760803222656,199.2178192138672,-0.0011950378539040685,-0.001089249039068818,1.5684150457382202,0.0,0.0,0.0,0,0
1786180947.2947953,0.3711680179985706,APPROACH,FLOW,/home/eunseop/nrs_imitation/checkpoints/flow/polishing/single_cam/20260802_1549,302.4275817871094,298.720947265625,198.88351440429688,0.00011601627920754254,5.502341809915379e-05,1.5708401203155518,0.046677857637405396,-0.4545743763446808,0.5779662728309631,303.1429138183594,298.5708923339844,199.23495483398438,-0.0012539642630144954,-0.0011464094277471304,1.5683053731918335,0.0,0.0,0.0,0,0
1786180947.3028018,0.379174615998636,APPROACH,FLOW,/home/eunseop/nrs_imitation/checkpoints/flow/polishing/single_cam/20260802_1549,302.4144287109375,298.7150573730469,198.86216735839844,0.0001253513910342008,0.00010236709204036742,1.5708401203155518,0.3995732069015503,-0.06876316666603088,0.191895991563797,303.17529296875,298.5655212402344,199.25267028808594,-0.0013147734571248293,-0.0012053962564095855,1.5681920051574707,0.0,0.0,0.0,0,0
1786180947.310987,0.3873599960061256,APPROACH,FLOW,/home/eunseop/nrs_imitation/checkpoints/flow/polishing/single_cam/20260802_1549,302.42486572265625,298.69000244140625,198.85157775878906,8.584789611632004e-05,0.00012851663632318377,1.570804238319397,0.013491585850715637,-0.09236569702625275,0.35364189743995667,303.20849609375,298.56005859375,199.27084350585938,-0.001377158216200769,-0.0012659115018323064,1.5680758953094482,0.0,0.0,0.0,0,0
1786180947.3187833,0.395156141006737,APPROACH,FLOW,/home/eunseop/nrs_imitation/checkpoints/flow/polishing/single_cam/20260802_1549,302.4244689941406,298.6903076171875,198.84584045410156,0.0001152945842477493,0.000126863073091954,1.570756196975708,-0.019494952633976936,-0.27666494250297546,0.4720616936683655,303.2418212890625,298.55450439453125,199.28907775878906,-0.0014398073544725776,-0.0013266830937936902,1.567959189414978,0.0,0.0,0.0,0,0
1786180947.3267567,0.40312934499525,APPROACH,FLOW,/home/eunseop/nrs_imitation/checkpoints/flow/polishing/single_cam/20260802_1549,302.4161682128906,298.69610595703125,198.8665313720703,0.00014012235624250025,0.0001364756899420172,1.570827841758728,0.3639369308948517,-0.23472236096858978,0.2843655049800873,303.2761535644531,298.548828125,199.30783081054688,-0.0015042785089462996,-0.001389221870340407,1.5678390264511108,0.0,0.0,0.0,0,0
1786180947.3347797,0.4111524449981516,APPROACH,FLOW,/home/eunseop/nrs_imitation/checkpoints/flow/polishing/single_cam/20260802_1549,302.396484375,298.68609619140625,198.8241729736328,0.00012199678167235106,0.0002154924295609817,1.5708041191101074,-0.15125173330307007,-0.3044907748699188,0.39610573649406433,303.3111572265625,298.54302978515625,199.32699584960938,-0.0015700829681009054,-0.0014530541375279427,1.5677164793014526,0.0,0.0,0.0,0,0
1786180947.3429737,0.41934677099925466,APPROACH,FLOW,/home/eunseop/nrs_imitation/checkpoints/flow/polishing/single_cam/20260802_1549,302.42999267578125,298.71453857421875,198.84933471679688,9.04739645193331e-05,0.00011724790965672582,1.5708281993865967,0.10549018532037735,-0.17492827773094177,0.19267728924751282,303.34716796875,298.5370788574219,199.34669494628906,-0.0016377328429371119,-0.0015186767559498549,1.5675904750823975,0.0,0.0,0.0,0,0
1786180947.3509386,0.42731155900401063,APPROACH,FLOW,/home/eunseop/nrs_imitation/checkpoints/flow/polishing/single_cam/20260802_1549,302.41180419921875,298.6966552734375,198.84445190429688,0.00011026564607163891,0.00013911424321122468,1.570804238319397,0.07741192728281021,-0.6728270649909973,-0.28234750032424927,303.38348388671875,298.53106689453125,199.36656188964844,-0.0017060214886441827,-0.0015849188202992082,1.5674632787704468,0.0,0.0,0.0,0,0
1786180947.3589637,0.43533667200244963,APPROACH,FLOW,/home/eunseop/nrs_imitation/checkpoints/flow/polishing/single_cam/20260802_1549,302.4211730957031,298.6811828613281,198.8670196533203,8.061972039286047e-05,0.0001412553683621809,1.570816159248352,0.2095530927181244,0.06842047721147537,0.32875216007232666,303.4205627441406,298.5249328613281,199.3868408203125,-0.0017756896559149027,-0.001652499078772962,1.5673335790634155,0.0,0.0,0.0,0,0
1786180947.366902,0.4432749400002649,APPROACH,FLOW,/home/eunseop/nrs_imitation/checkpoints/flow/polishing/single_cam/20260802_1549,302.3876037597656,298.6771240234375,198.82186889648438,0.00012702378444373608,0.0002032444899668917,1.570816159248352,0.03423185646533966,-0.26233261823654175,0.2670683264732361,303.4581604003906,298.5186767578125,199.40740966796875,-0.001846374711021781,-0.001721065491437912,1.567201852798462,0.0,0.0,0.0,0,0
1786180947.3748014,0.4511743829934858,APPROACH,FLOW,/home/eunseop/nrs_imitation/checkpoints/flow/polishing/single_cam/20260802_1549,302.413818359375,298.6783447265625,198.84390258789062,0.00011960280244238675,0.0001864540681708604,1.570744276046753,0.06267844885587692,-0.1671084761619568,0.3208507001399994,303.49627685546875,298.51239013671875,199.42828369140625,-0.0019179858500137925,-0.0017905306303873658,1.5670684576034546,0.0,0.0,0.0,0,0
1786180947.382786,0.45915872800105717,APPROACH,FLOW,/home/eunseop/nrs_imitation/checkpoints/flow/polishing/single_cam/20260802_1549,302.38787841796875,298.68939208984375,198.83888244628906,0.00011457025539129972,0.0001987087307497859,1.5708280801773071,0.20760653913021088,-0.7748100161552429,0.020692698657512665,303.5353088378906,298.50592041015625,199.4496307373047,-0.001991359982639551,-0.0018617057939991355,1.5669317245483398,0.0,0.0,0.0,0,0
1786180947.3907554,0.467128023999976,APPROACH,FLOW,/home/eunseop/nrs_imitation/checkpoints/flow/polishing/single_cam/20260802_1549,302.40118408203125,298.6846008300781,198.83091735839844,0.00010954229219350964,0.00021095530246384442,1.570768117904663,-0.3227785527706146,0.13786835968494415,0.37138694524765015,303.5749816894531,298.4993591308594,199.4713134765625,-0.002065854612737894,-0.0019339676946401596,1.5667929649353027,0.0,0.0,0.0,0,0
1786180947.3987482,0.4751210469985381,APPROACH,FLOW,/home/eunseop/nrs_imitation/checkpoints/flow/polishing/single_cam/20260802_1549,302.403076171875,298.6647644042969,198.82859802246094,0.0001145766582340002,0.00019870330288540572,1.5707801580429077,0.02151329815387726,-0.04310024157166481,0.0502757765352726,303.6153259277344,298.4927062988281,199.49337768554688,-0.002141637494787574,-0.002007479313760996,1.5666518211364746,0.0,0.0,0.0,0,0
1786180947.4068205,0.48319364100461826,APPROACH,FLOW,/home/eunseop/nrs_imitation/checkpoints/flow/polishing/single_cam/20260802_1549,302.4154052734375,298.6930236816406,198.84445190429688,0.00011026934953406453,0.00013911206042394042,1.5708281993865967,0.27828940749168396,-0.4742142856121063,0.055175893008708954,303.65643310546875,298.4858703613281,199.51585388183594,-0.0022188902366906404,-0.002082417020574212,1.5665078163146973,0.0,0.0,0.0,0,0
1786180947.4147797,0.4911525969946524,APPROACH,FLOW,/home/eunseop/nrs_imitation/checkpoints/flow/polishing/single_cam/20260802_1549,302.4090270996094,298.703369140625,198.85455322265625,0.00013468116230797023,0.00014971202472224832,1.570744276046753,0.22440855205059052,0.044514115899801254,0.32896387577056885,303.697998046875,298.4790344238281,199.53860473632812,-0.002297000028192997,-0.002158185699954629,1.5663623809814453,0.0,0.0,0.0,0,0
1786180947.4227595,0.49913213300169446,APPROACH,FLOW,/home/eunseop/nrs_imitation/checkpoints/flow/polishing/single_cam/20260802_1549,302.4234924316406,298.7123718261719,198.87535095214844,0.0001356078719254583,7.737849955447018e-05,1.5707921981811523,0.17595967650413513,-0.13746851682662964,0.25020766258239746,303.740234375,298.4720153808594,199.56173706054688,-0.0023764295037835836,-0.002235234947875142,1.5662144422531128,0.0,0.0,0.0,0,0
1786180947.4307485,0.5071211580070667,APPROACH,FLOW,/home/eunseop/nrs_imitation/checkpoints/flow/polishing/single_cam/20260802_1549,302.4208984375,298.6811828613281,198.82269287109375,9.286643035011366e-05,0.0001462834916310385,1.5707682371139526,0.034133024513721466,-0.012569349259138107,0.5586400628089905,303.783203125,298.46490478515625,199.58522033691406,-0.0024571013636887074,-0.0023134888615459204,1.5660642385482788,0.0,0.0,0.0,0,0
1786180947.438764,0.5151369030063506,APPROACH,FLOW,/home/eunseop/nrs_imitation/checkpoints/flow/polishing/single_cam/20260802_1549,302.43316650390625,298.6855163574219,198.8438262939453,7.036222086753696e-05,0.0001662424037931487,1.5707682371139526,0.15478166937828064,-0.10855809599161148,0.32747936248779297,303.8267822265625,298.45770263671875,199.6090545654297,-0.0025390167720615864,-0.002392949303612113,1.5659116506576538,0.0,0.0,0.0,0,0
1786180947.446839,0.5232120019936701,APPROACH,FLOW,/home/eunseop/nrs_imitation/checkpoints/flow/polishing/single_cam/20260802_1549,302.4075012207031,298.6753845214844,198.83352661132812,0.00011980693670921028,0.00018596388690639287,1.5707921981811523,0.238589808344841,-0.3533015251159668,0.24079206585884094,303.8711242675781,298.4503479003906,199.63330078125,-0.0026223596651107073,-0.002473794622346759,1.5657563209533691,0.0,0.0,0.0,0,0
1786180947.4547515,0.5311241890012752,APPROACH,FLOW,/home/eunseop/nrs_imitation/checkpoints/flow/polishing/single_cam/20260802_1549,302.4222106933594,298.6964416503906,198.8529510498047,0.00010312315134797245,0.00012129647075198591,1.5707801580429077,-0.11077683418989182,-0.39020630717277527,0.42237430810928345,303.9158935546875,298.44293212890625,199.65780639648438,-0.002706476952880621,-0.0025553908199071884,1.5655996799468994,0.0,0.0,0.0,0,0
1786180947.4628847,0.5392575290024979,APPROACH,FLOW,/home/eunseop/nrs_imitation/checkpoints/flow/polishing/single_cam/20260802_1549,302.42041015625,298.67999267578125,198.8323516845703,7.778344297548756e-05,0.00018303014803677797,1.5707802772521973,-0.17878946661949158,-0.3805084526538849,0.561141312122345,303.9617004394531,298.4353942871094,199.68287658691406,-0.0027925639878958464,-0.0026388978585600853,1.5654393434524536,0.0,0.0,0.0,0,0
1786180947.4708962,0.5472691369941458,APPROACH,FLOW,/home/eunseop/nrs_imitation/checkpoints/flow/polishing/single_cam/20260802_1549,302.4025573730469,298.6616516113281,198.8211669921875,6.249728903640062e-05,0.0002202685282099992,1.570816159248352,0.11689962446689606,-0.6810569763183594,0.5693886876106262,304.0076904296875,298.427734375,199.70802307128906,-0.0028789930511265993,-0.002722736680880189,1.5652782917022705,0.0,0.0,0.0,0,0
1786180947.4788253,0.5551980760064907,APPROACH,FLOW,/home/eunseop/nrs_imitation/checkpoints/flow/polishing/single_cam/20260802_1549,302.4155578613281,298.6805114746094,198.82118225097656,6.209483399288729e-05,0.000221247726585716,1.5707920789718628,0.1718181073665619,-0.3944058120250702,0.289572536945343,304.0544738769531,298.4200134277344,199.7335968017578,-0.002966853091493249,-0.002807963639497757,1.5651147365570068,0.0,0.0,0.0,0,0
1786180947.4867826,0.5631553099956363,APPROACH,FLOW,/home/eunseop/nrs_imitation/checkpoints/flow/polishing/single_cam/20260802_1549,302.4105224609375,298.706298828125,198.868408203125,0.0001223156286869198,0.00014463138359133154,1.5708281993865967,-0.17838047444820404,-0.3919556736946106,0.33452898263931274,304.10174560546875,298.41217041015625,199.75946044921875,-0.0030556991696357727,-0.0028941468335688114,1.5649491548538208,0.0,0.0,0.0,0,0
1786180947.494764,0.5711368589982158,APPROACH,FLOW,/home/eunseop/nrs_imitation/checkpoints/flow/polishing/single_cam/20260802_1549,302.41302490234375,298.67523193359375,198.83352661132812,9.518292790744454e-05,0.00017585944442544132,1.5707802772521973,-0.2051330953836441,-0.17327818274497986,0.2305554896593094,304.1497497558594,298.40423583984375,199.7857208251953,-0.0031459180172532797,-0.002981661818921566,1.5647811889648438,0.0,0.0,0.0,0,0
1786180947.5027564,0.5791292500070995,APPROACH,FLOW,/home/eunseop/nrs_imitation/checkpoints/flow/polishing/single_cam/20260802_1549,302.4326477050781,298.6836853027344,198.84445190429688,7.327672938117757e-05,0.00012392741336952895,1.570804238319397,-0.36041173338890076,-0.26404377818107605,0.17122003436088562,304.1983947753906,298.39617919921875,199.8123321533203,-0.003237323835492134,-0.0030703286174684763,1.5646109580993652,0.0,0.0,0.0,0,0
1786180947.5107808,0.5871536320046289,APPROACH,FLOW,/home/eunseop/nrs_imitation/checkpoints/flow/polishing/single_cam/20260802_1549,302.4271240234375,298.697265625,198.8653564453125,0.00012272050662431866,0.00014364758681040257,1.5707802772521973,0.14605110883712769,-0.45176705718040466,0.156673401594162,304.2476806640625,298.3880310058594,199.8393096923828,-0.003329961560666561,-0.003160189837217331,1.5644383430480957,0.0,0.0,0.0,0,0
1786180947.5187705,0.5951432080037193,APPROACH,FLOW,/home/eunseop/nrs_imitation/checkpoints/flow/polishing/single_cam/20260802_1549,302.44207763671875,298.69476318359375,198.8644256591797,9.57034426392056e-05,0.0001045067110680975,1.5707563161849976,-0.05269140750169754,-0.01952205039560795,0.3677935302257538,304.29754638671875,298.3797912597656,199.8665771484375,-0.003423662157729268,-0.003251082496717572,1.5642638206481934,0.0,0.0,0.0,0,0
1786180947.5268261,0.6031992600037483,APPROACH,FLOW,/home/eunseop/nrs_imitation/checkpoints/flow/polishing/single_cam/20260802_1549,302.4208984375,298.6945495605469,198.84359741210938,0.00011769540287787095,0.0001558963122079149,1.570827841758728,0.013216725550591946,-0.3875775933265686,0.41546863317489624,304.3481750488281,298.37139892578125,199.89427185058594,-0.003518800949677825,-0.0033433698117733,1.5640864372253418,0.0,0.0,0.0,0,0
1786180947.53482,0.6111928729951615,APPROACH,FLOW,/home/eunseop/nrs_imitation/checkpoints/flow/polishing/single_cam/20260802_1549,302.38909912109375,298.7057189941406,198.84085083007812,0.00014462500985246152,0.00019558453641366214,1.5708400011062622,0.27139782905578613,-0.035078588873147964,0.5166903734207153,304.3993225097656,298.3629150390625,199.9222412109375,-0.003614886663854122,-0.00343657610937953,1.563907504081726,0.0,0.0,0.0,0,0
1786180947.5428946,0.6192675909987884,APPROACH,FLOW,/home/eunseop/nrs_imitation/checkpoints/flow/polishing/single_cam/20260802_1549,302.4241943359375,298.6884460449219,198.8609161376953,9.590471745468676e-05,0.00010401816689409316,1.570816159248352,0.37811383605003357,-0.10926831513643265,0.757544994354248,304.4512939453125,298.3543395996094,199.95068359375,-0.003712572157382965,-0.0035313337575644255,1.5637255907058716,0.0,0.0,0.0,0,0
1786180947.5507848,0.6271576760045718,APPROACH,FLOW,/home/eunseop/nrs_imitation/checkpoints/flow/polishing/single_cam/20260802_1549,302.4304504394531,298.6777648925781,198.84390258789062,4.574203194351867e-05,0.00015613729192409664,1.570816159248352,0.06542183458805084,-0.12293504923582077,0.1908472627401352,304.5032653808594,298.3457336425781,199.9791259765625,-0.003810285124927759,-0.003626118414103985,1.5635435581207275,0.0,0.0,0.0,0,0
1786180947.5587692,0.6351420410064748,APPROACH,FLOW,/home/eunseop/nrs_imitation/checkpoints/flow/polishing/single_cam/20260802_1549,302.407958984375,298.68743896484375,198.8534393310547,0.00010523531818762422,0.00015136398724280298,1.5707802772521973,-0.31249287724494934,0.03278398513793945,-0.011549394577741623,304.55621337890625,298.3369445800781,200.00807189941406,-0.003909751307219267,-0.0037226034328341484,1.5633583068847656,0.0,0.0,0.0,0,0
1786180947.5667872,0.6431600409996463,APPROACH,FLOW,/home/eunseop/nrs_imitation/checkpoints/flow/polishing/single_cam/20260802_1549,302.4212646484375,298.69366455078125,198.83958435058594,8.041788532864302e-05,0.00014174605894368142,1.5708281993865967,-0.02659313753247261,-0.18812620639801025,0.013605293817818165,304.6098327636719,298.32806396484375,200.0373992919922,-0.004010471515357494,-0.0038203054573386908,1.5631706714630127,0.0,0.0,0.0,0,0
1786180947.5747678,0.651140549001866,APPROACH,FLOW,/home/eunseop/nrs_imitation/checkpoints/flow/polishing/single_cam/20260802_1549,302.4217529296875,298.7082214355469,198.85084533691406,0.0001203242500196211,0.00011461433314252645,1.570816159248352,0.28394487500190735,-0.5616952776908875,0.09843327105045319,304.6639099121094,298.3191223144531,200.0669708251953,-0.0041120913811028,-0.0039188796654343605,1.562981367111206,0.0,0.0,0.0,0,0
1786180947.5827777,0.6591505329997744,APPROACH,FLOW,/home/eunseop/nrs_imitation/checkpoints/flow/polishing/single_cam/20260802_1549,302.4183349609375,298.70123291015625,198.8747100830078,0.00014514899521600455,0.00012422709551174194,1.570816159248352,-0.13366518914699554,-0.5429088473320007,0.4778182804584503,304.71868896484375,298.3100891113281,200.0969696044922,-0.00421507703140378,-0.004018778912723064,1.5627896785736084,0.0,0.0,0.0,0,0
1786180947.59076,0.6671327340009157,APPROACH,FLOW,/home/eunseop/nrs_imitation/checkpoints/flow/polishing/single_cam/20260802_1549,302.3985900878906,298.7040100097656,198.8557586669922,0.00014945506700314581,0.00018382245616521686,1.5708280801773071,0.09537504613399506,0.09231079369783401,0.15983957052230835,304.7740173339844,298.3009033203125,200.12721252441406,-0.004319024737924337,-0.004119611345231533,1.5625959634780884,0.0,0.0,0.0,0,0
1786180947.5987802,0.675153058997239,APPROACH,FLOW,/home/eunseop/nrs_imitation/checkpoints/flow/polishing/single_cam/20260802_1549,302.3962707519531,298.6978454589844,198.85487365722656,0.00014733617717865855,0.00015375908697023988,1.570804238319397,0.05024449899792671,0.18424448370933533,0.2709658145904541,304.83001708984375,298.2916259765625,200.1578369140625,-0.004424186423420906,-0.004221621435135603,1.5624001026153564,0.0,0.0,0.0,0,0
1786180947.6067677,0.6831404300028225,APPROACH,FLOW,/home/eunseop/nrs_imitation/checkpoints/flow/polishing/single_cam/20260802_1549,302.40594482421875,298.7082214355469,198.868408203125,0.00013468382530845702,0.0001497113989898935,1.5707921981811523,0.0006439313874579966,-0.2644345164299011,0.21312785148620605,304.886474609375,298.28228759765625,200.188720703125,-0.004530330654233694,-0.0043245842680335045,1.5622023344039917,0.0,0.0,0.0,0,0
1786180947.6147768,0.6911495819949778,APPROACH,FLOW,/home/eunseop/nrs_imitation/checkpoints/flow/polishing/single_cam/20260802_1549,302.4237060546875,298.687255859375,198.8472442626953,7.035934686427936e-05,0.0001662439462961629,1.5707801580429077,0.3650512993335724,-0.29453861713409424,0.4435514807701111,304.94366455078125,298.2728271484375,200.2200164794922,-0.004637809935957193,-0.004428842570632696,1.5620020627975464,0.0,0.0,0.0,0,0
1786180947.6227527,0.6991256420005811,APPROACH,FLOW,/home/eunseop/nrs_imitation/checkpoints/flow/polishing/single_cam/20260802_1549,302.4138488769531,298.6893005371094,198.85018920898438,0.00010544042015681043,0.0001508719869889319,1.570804238319397,-0.05162222310900688,-0.4621998965740204,0.39940792322158813,305.00128173828125,298.2633056640625,200.25155639648438,-0.004746104124933481,-0.004533891100436449,1.5618003606796265,0.0,0.0,0.0,0,0
1786180947.6308298,0.7072027249960229,APPROACH,FLOW,/home/eunseop/nrs_imitation/checkpoints/flow/polishing/single_cam/20260802_1549,302.4046936035156,298.66741943359375,198.83326721191406,9.49821260292083e-05,0.00017634997493587434,1.570804238319397,-0.2364180088043213,0.040047500282526016,0.2276182770729065,305.0597839355469,298.25360107421875,200.28353881835938,-0.0048559666611254215,-0.004640460945665836,1.5615957975387573,0.0,0.0,0.0,0,0
1786180947.6388113,0.7151843040046515,APPROACH,FLOW,/home/eunseop/nrs_imitation/checkpoints/flow/polishing/single_cam/20260802_1549,302.4051513671875,298.7051086425781,198.8580322265625,0.00011026434367522597,0.00013911603309679776,1.5708281993865967,0.045415233820676804,-0.4907081723213196,0.6965448260307312,305.11859130859375,298.2438659667969,200.31570434570312,-0.004966542590409517,-0.004747722763568163,1.5613898038864136,0.0,0.0,0.0,0,0
1786180947.6467826,0.7231554650061298,APPROACH,FLOW,/home/eunseop/nrs_imitation/checkpoints/flow/polishing/single_cam/20260802_1549,302.4302062988281,298.6911926269531,198.86167907714844,9.789515024749562e-05,0.00013403374759946018,1.570756196975708,0.11317621916532516,-0.21455316245555878,0.09940255433320999,305.17791748046875,298.23406982421875,200.34817504882812,-0.0050779967568814754,-0.00485583720728755,1.5611822605133057,0.0,0.0,0.0,0,0
1786180947.6547675,0.731140300995321,APPROACH,FLOW,/home/eunseop/nrs_imitation/checkpoints/flow/polishing/single_cam/20260802_1549,302.4375305175781,298.6825866699219,198.85157775878906,6.122713966760784e-05,0.00011840991646749899,1.5707802772521973,-0.00043075784924440086,-0.24624356627464294,0.3303335905075073,305.2379150390625,298.22412109375,200.38099670410156,-0.00519078504294157,-0.004965245258063078,1.560971975326538,0.0,0.0,0.0,0,0
1786180947.6628826,0.7392553859972395,APPROACH,FLOW,/home/eunseop/nrs_imitation/checkpoints/flow/polishing/single_cam/20260802_1549,302.4198303222656,298.6663513183594,198.84600830078125,7.778564031468704e-05,0.00018302920216228813,1.5707802772521973,0.29305389523506165,-0.6549075245857239,0.5697134137153625,305.2986755371094,298.2140808105469,200.4142303466797,-0.0053049176931381226,-0.0050759571604430676,1.5607595443725586,0.0,0.0,0.0,0,0
1786180947.6708329,0.7472060269938083,APPROACH,FLOW,/home/eunseop/nrs_imitation/checkpoints/flow/polishing/single_cam/20260802_1549,302.3996276855469,298.70526123046875,198.8580322265625,0.00013488763943314552,0.00014922079571988434,1.5708401203155518,-0.020120570436120033,-0.3798629641532898,0.21237371861934662,305.35986328125,298.20391845703125,200.4477081298828,-0.005419943481683731,-0.005187535658478737,1.5605453252792358,0.0,0.0,0.0,0,0
1786180947.6788886,0.7552614180021919,APPROACH,FLOW,/home/eunseop/nrs_imitation/checkpoints/flow/polishing/single_cam/20260802_1549,302.39794921875,298.6883850097656,198.84027099609375,0.00010723058949224651,0.00018137953884433955,1.5708401203155518,0.29778632521629333,-0.160136416554451,0.020388439297676086,305.4219055175781,298.19366455078125,200.48162841796875,-0.005536467302590609,-0.005300567485392094,1.5603281259536743,0.0,0.0,0.0,0,0
1786180947.686782,0.7631548299978022,APPROACH,FLOW,/home/eunseop/nrs_imitation/checkpoints/flow/polishing/single_cam/20260802_1549,302.4125061035156,298.6731872558594,198.85714721679688,8.261061157099903e-05,0.0001712716621113941,1.570804238319397,0.3976663649082184,-0.20508265495300293,0.2870056927204132,305.4837646484375,298.1834411621094,200.51547241210938,-0.005652737803757191,-0.005413353443145752,1.56011164188385,0.0,0.0,0.0,0,0
1786180947.694765,0.7711378620006144,APPROACH,FLOW,/home/eunseop/nrs_imitation/checkpoints/flow/polishing/single_cam/20260802_1549,302.4029541015625,298.66259765625,198.80502319335938,5.244417843641713e-05,0.0002447667357046157,1.5708401203155518,-0.05894002318382263,0.12410720437765121,0.03201527148485184,305.546630859375,298.17303466796875,200.5498504638672,-0.005770817864686251,-0.00552789494395256,1.559891700744629,0.0,0.0,0.0,0,0
1786180947.7027888,0.7791617330076406,APPROACH,FLOW,/home/eunseop/nrs_imitation/checkpoints/flow/polishing/single_cam/20260802_1549,302.4090270996094,298.6912536621094,198.84725952148438,0.00011960359552176669,0.0001864552905317396,1.570792317390442,-0.08764056116342545,-0.16051021218299866,-0.03548278287053108,305.6101379394531,298.16253662109375,200.58460998535156,-0.005890198051929474,-0.005643696989864111,1.5596692562103271,0.0,0.0,0.0,0,0
1786180947.7115412,0.7879139769938774,APPROACH,FLOW,/home/eunseop/nrs_imitation/checkpoints/flow/polishing/single_cam/20260802_1549,302.4271240234375,298.68328857421875,198.88197326660156,8.564648305764422e-05,0.00012900617730338126,1.5707802772521973,0.23092220723628998,-0.3642195761203766,0.4537666141986847,305.6802062988281,298.15093994140625,200.6229248046875,-0.006021847482770681,-0.00577140087261796,1.5594241619110107,0.0,0.0,0.0,0,0
1786180947.7187705,0.7951432389963884,APPROACH,FLOW,/home/eunseop/nrs_imitation/checkpoints/flow/polishing/single_cam/20260802_1549,302.4034118652344,298.6893310546875,198.8534393310547,0.00011748870747396722,0.00015639049524907023,1.5708281993865967,-0.053142618387937546,0.17036131024360657,0.3005586564540863,305.73858642578125,298.14129638671875,200.6548614501953,-0.006131553556770086,-0.0058778198435902596,1.5592198371887207,0.0,0.0,0.0,0,0
1786180947.7267554,0.8031279840070056,APPROACH,FLOW,/home/eunseop/nrs_imitation/checkpoints/flow/polishing/single_cam/20260802_1549,302.4246826171875,298.68963623046875,198.8627166748047,9.067394421435893e-05,0.00011675791756715626,1.5707921981811523,0.30650460720062256,-0.1648532897233963,0.27565959095954895,305.80364990234375,298.1304931640625,200.69044494628906,-0.006253800354897976,-0.005996402353048325,1.5589920282363892,0.0,0.0,0.0,0,0
1786180947.7347486,0.8111214370001107,APPROACH,FLOW,/home/eunseop/nrs_imitation/checkpoints/flow/polishing/single_cam/20260802_1549,302.40252685546875,298.6890869140625,198.8314208984375,0.00014925297000445426,0.00018431121134199202,1.5707801580429077,0.1911519169807434,-0.14418146014213562,0.5466803908348083,305.8692626953125,298.1195983886719,200.72633361816406,-0.006377128418534994,-0.006116033997386694,1.5587623119354248,0.0,0.0,0.0,0,0
1786180947.7427773,0.8191502279951237,APPROACH,FLOW,/home/eunseop/nrs_imitation/checkpoints/flow/polishing/single_cam/20260802_1549,302.43011474609375,298.67822265625,198.85018920898438,8.08203112683259e-05,0.0001407644886057824,1.5707682371139526,0.30005860328674316,-0.3714049756526947,0.5511775612831116,305.9354553222656,298.108642578125,200.7625732421875,-0.006501564756035805,-0.006236741319298744,1.5585304498672485,0.0,0.0,0.0,0,0
1786180947.7507787,0.8271513049985515,APPROACH,FLOW,/home/eunseop/nrs_imitation/checkpoints/flow/polishing/single_cam/20260802_1549,302.41741943359375,298.6856994628906,198.8382110595703,0.00010000982001656666,0.00016410040552727878,1.5707802772521973,0.12590433657169342,0.09135334938764572,-0.009443656541407108,306.00225830078125,298.0976257324219,200.7991180419922,-0.006627059541642666,-0.006358474958688021,1.5582966804504395,0.0,0.0,0.0,0,0
1786180947.7587497,0.8351225749938749,APPROACH,FLOW,/home/eunseop/nrs_imitation/checkpoints/flow/polishing/single_cam/20260802_1549,302.42926025390625,298.6877136230469,198.8627166748047,7.830328104319051e-05,0.00011167925549671054,1.570804238319397,0.4961036741733551,-0.5585372447967529,-0.09392335265874863,306.0694580078125,298.08648681640625,200.8358612060547,-0.006753324531018734,-0.006480955984443426,1.5580614805221558,0.0,0.0,0.0,0,0
1786180947.7668495,0.8432225010037655,APPROACH,FLOW,/home/eunseop/nrs_imitation/checkpoints/flow/polishing/single_cam/20260802_1549,302.417236328125,298.69866943359375,198.8590087890625,0.0001501748338341713,0.00011197932326467708,1.5707921981811523,0.32671019434928894,-0.6494820713996887,-0.11423972994089127,306.1374816894531,298.0752258300781,200.87307739257812,-0.006881179288029671,-0.0066049788147211075,1.5578234195709229,0.0,0.0,0.0,0,0
1786180947.7748208,0.8511936519935261,APPROACH,FLOW,/home/eunseop/nrs_imitation/checkpoints/flow/polishing/single_cam/20260802_1549,302.4227294921875,298.68682861328125,198.84869384765625,0.00011245798668824136,0.00016863775090314448,1.5707203149795532,-0.052114713937044144,-0.22635518014431,0.42480388283729553,306.2058410644531,298.0639343261719,200.91046142578125,-0.007009587716311216,-0.006729539483785629,1.5575841665267944,0.0,0.0,0.0,0,0
1786180947.7827904,0.8591632280003978,APPROACH,FLOW,/home/eunseop/nrs_imitation/checkpoints/flow/polishing/single_cam/20260802_1549,302.4162902832031,298.6695251464844,198.83041381835938,4.5220011088531464e-05,0.00022748869378119707,1.5707920789718628,0.1525537222623825,-0.34766411781311035,0.056801024824380875,306.27471923828125,298.0525207519531,200.94813537597656,-0.007139016408473253,-0.006855089217424393,1.5573431253433228,0.0,0.0,0.0,0,0
1786180947.7907617,0.8671343890018761,APPROACH,FLOW,/home/eunseop/nrs_imitation/checkpoints/flow/polishing/single_cam/20260802_1549,302.3966064453125,298.697998046875,198.8345489501953,0.00010954446042887866,0.0002109563647536561,1.5708280801773071,-0.03503664210438728,0.2087540477514267,0.3727022707462311,306.3439636230469,298.0410461425781,200.98602294921875,-0.007269158493727446,-0.006981330923736095,1.557100772857666,0.0,0.0,0.0,0,0
1786180947.7987556,0.8751282519951928,APPROACH,FLOW,/home/eunseop/nrs_imitation/checkpoints/flow/polishing/single_cam/20260802_1549,302.4058532714844,298.670166015625,198.83750915527344,8.49260832183063e-05,0.00020084803691133857,1.570804238319397,0.03639776259660721,-0.5253823399543762,0.6098913550376892,306.4139099121094,298.02947998046875,201.02427673339844,-0.007400556933134794,-0.007108790799975395,1.5568559169769287,0.0,0.0,0.0,0,0
1786180947.8067737,0.88314666300721,APPROACH,FLOW,/home/eunseop/nrs_imitation/checkpoints/flow/polishing/single_cam/20260802_1549,302.4103088378906,298.6955261230469,198.8712158203125,0.00016976609185803682,0.00013433465210255235,1.5707563161849976,0.08514752984046936,-0.46369457244873047,0.49918878078460693,306.4844055175781,298.017822265625,201.06283569335938,-0.007533040829002857,-0.007237304467707872,1.5566091537475586,0.0,0.0,0.0,0,0
1786180947.8149104,0.891283339005895,APPROACH,FLOW,/home/eunseop/nrs_imitation/checkpoints/flow/polishing/single_cam/20260802_1549,302.41827392578125,298.67486572265625,198.8241729736328,7.275413372553885e-05,0.00019527925178408623,1.5707682371139526,0.07219357043504715,-0.29423055052757263,0.1845170110464096,306.5558776855469,298.0059814453125,201.10194396972656,-0.007667400408536196,-0.007367637474089861,1.556358814239502,0.0,0.0,0.0,0,0
1786180947.8227575,0.8991302219947102,APPROACH,FLOW,/home/eunseop/nrs_imitation/checkpoints/flow/polishing/single_cam/20260802_1549,302.4350280761719,298.6771240234375,198.8453369140625,6.32197770755738e-05,0.00014842524251434952,1.5707682371139526,0.29404908418655396,-0.2514939606189728,0.011022302322089672,306.6269226074219,297.9942321777344,201.1408233642578,-0.007800879422575235,-0.007497116457670927,1.5561102628707886,0.0,0.0,0.0,0,0
1786180947.8308222,0.9071949810022488,APPROACH,FLOW,/home/eunseop/nrs_imitation/checkpoints/flow/polishing/single_cam/20260802_1549,302.4280090332031,298.69818115234375,198.84947204589844,0.00010292438673786819,0.00012178477481938899,1.570792317390442,0.07328016310930252,0.10119927674531937,-0.14863036572933197,306.6990966796875,297.9822692871094,201.1802978515625,-0.00793655589222908,-0.007628726307302713,1.555857539176941,0.0,0.0,0.0,0,0
1786180947.8388233,0.9151964180055074,APPROACH,FLOW,/home/eunseop/nrs_imitation/checkpoints/flow/polishing/single_cam/20260802_1549,302.4320068359375,298.68402099609375,198.82969665527344,0.00010524115350563079,0.0001513588213128969,1.570744276046753,0.24012669920921326,-0.2195967733860016,0.4148012399673462,306.77166748046875,297.9702453613281,201.22000122070312,-0.008072925731539726,-0.007761009037494659,1.5556035041809082,0.0,0.0,0.0,0,0
1786180947.846785,0.9231578199978685,APPROACH,FLOW,/home/eunseop/nrs_imitation/checkpoints/flow/polishing/single_cam/20260802_1549,302.4019775390625,298.6859130859375,198.8241729736328,9.737793152453378e-05,0.0002053865318885073,1.5708401203155518,0.23708687722682953,-0.31313586235046387,0.6701706647872925,306.8446044921875,297.95819091796875,201.2598876953125,-0.008209931664168835,-0.007893908768892288,1.55534827709198,0.0,0.0,0.0,0,0
1786180947.854797,0.9311696479999227,APPROACH,FLOW,/home/eunseop/nrs_imitation/checkpoints/flow/polishing/single_cam/20260802_1549,302.4172058105469,298.69610595703125,198.8673858642578,9.57003139774315e-05,0.00010451082926010713,1.5708041191101074,0.17263911664485931,-0.41359201073646545,0.3107801675796509,306.9182434082031,297.9460144042969,201.3001708984375,-0.00834828894585371,-0.008028119802474976,1.5550905466079712,0.0,0.0,0.0,0,0
1786180947.8627546,0.9391274730005534,APPROACH,FLOW,/home/eunseop/nrs_imitation/checkpoints/flow/polishing/single_cam/20260802_1549,302.39337158203125,298.7030029296875,198.83372497558594,0.00013205369759816676,0.0001909956190502271,1.5708520412445068,0.07296077907085419,-0.28476670384407043,-0.021635208278894424,306.9922180175781,297.93377685546875,201.34063720703125,-0.008487329818308353,-0.00816299393773079,1.5548315048217773,0.0,0.0,0.0,0,0
1786180947.8708134,0.9471862200007308,APPROACH,FLOW,/home/eunseop/nrs_imitation/checkpoints/flow/polishing/single_cam/20260802_1549,302.4224853515625,298.6722106933594,198.8286590576172,6.533568375743926e-05,0.00017849190044216812,1.570804238319397,0.174861341714859,-0.31056782603263855,0.14884014427661896,307.0670471191406,297.92138671875,201.38156127929688,-0.00862792693078518,-0.008299377746880054,1.5545696020126343,0.0,0.0,0.0,0,0
1786180947.878888,0.9552608679950936,APPROACH,FLOW,/home/eunseop/nrs_imitation/checkpoints/flow/polishing/single_cam/20260802_1549,302.4139709472656,298.70355224609375,198.88143920898438,0.00015719296061433852,0.00012974764104001224,1.5707682371139526,-0.1572893261909485,-0.3157280683517456,0.47885823249816895,307.1422119140625,297.908935546875,201.42266845703125,-0.008769160136580467,-0.00843637716025114,1.5543065071105957,0.0,0.0,0.0,0,0
1786180947.8868582,0.9632309760054341,APPROACH,FLOW,/home/eunseop/nrs_imitation/checkpoints/flow/polishing/single_cam/20260802_1549,302.4239501953125,298.6757507324219,198.84637451171875,8.061553671723232e-05,0.00014125592133495957,1.570744276046753,-0.10068129003047943,-0.04001860320568085,-0.02750176005065441,307.2176513671875,297.8964538574219,201.4639434814453,-0.008910950273275375,-0.008573919534683228,1.5540424585342407,0.0,0.0,0.0,0,0
1786180947.8947902,0.971162950998405,APPROACH,FLOW,/home/eunseop/nrs_imitation/checkpoints/flow/polishing/single_cam/20260802_1549,302.4151611328125,298.7052001953125,198.87258911132812,0.00013780241715721786,0.00010690325143514201,1.570816159248352,0.11525093019008636,-0.2766253352165222,0.2952404022216797,307.2937927246094,297.88385009765625,201.50559997558594,-0.009054034017026424,-0.008712713606655598,1.5537759065628052,0.0,0.0,0.0,0,0
1786180947.9028552,0.9792281910049496,APPROACH,FLOW,/home/eunseop/nrs_imitation/checkpoints/flow/polishing/single_cam/20260802_1549,302.41461181640625,298.6539001464844,198.82041931152344,7.255795208038762e-05,0.00019576810882426798,1.5707921981811523,-0.027678634971380234,-0.1628517508506775,0.2551698684692383,307.3705139160156,297.87115478515625,201.54757690429688,-0.009198185056447983,-0.00885254517197609,1.5535074472427368,0.0,0.0,0.0,0,0
1786180947.9109492,0.9873221360030584,APPROACH,FLOW,/home/eunseop/nrs_imitation/checkpoints/flow/polishing/single_cam/20260802_1549,302.4329833984375,298.6978759765625,198.86685180664062,0.0001180071194539778,8.503794379066676e-05,1.570756196975708,0.19852080941200256,-0.16780312359333038,0.34569740295410156,307.447998046875,297.8583068847656,201.58993530273438,-0.009343755431473255,-0.008993752300739288,1.5532362461090088,0.0,0.0,0.0,0,0
1786180947.918777,0.9951499720045831,APPROACH,FLOW,/home/eunseop/nrs_imitation/checkpoints/flow/polishing/single_cam/20260802_1549,302.4181213378906,298.6751708984375,198.82118225097656,7.447025564033538e-05,0.0002263243804918602,1.5707801580429077,0.09162066876888275,-0.45068371295928955,0.23339422047138214,307.5249938964844,297.8455810546875,201.632080078125,-0.009488500654697418,-0.009134159423410892,1.552966594696045,0.0,0.0,0.0,0,0
1786180947.9268084,1.003181036998285,APPROACH,FLOW,/home/eunseop/nrs_imitation/checkpoints/flow/polishing/single_cam/20260802_1549,302.416015625,298.7067565917969,198.88406372070312,0.00013057795877102762,8.962968422565609e-05,1.5707802772521973,-0.2071073204278946,-0.015190990641713142,0.4378097355365753,307.60321044921875,297.8326110839844,201.6748504638672,-0.00963547546416521,-0.009276730008423328,1.5526928901672363,0.0,0.0,0.0,0,0
1786180947.9351788,1.011551571005839,APPROACH,FLOW,/home/eunseop/nrs_imitation/checkpoints/flow/polishing/single_cam/20260802_1549,302.40911865234375,298.6798095703125,198.855224609375,0.00013688743638340384,0.00017922987171914428,1.570815920829773,-0.09768402576446533,0.011905655264854431,0.26000458002090454,307.6854553222656,297.8190002441406,201.71986389160156,-0.00979004055261612,-0.009426663629710674,1.5524049997329712,0.0,0.0,0.0,0,0
1786180947.9427922,1.0191649269982008,APPROACH,FLOW,/home/eunseop/nrs_imitation/checkpoints/flow/polishing/single_cam/20260802_1549,302.40655517578125,298.71148681640625,198.87608337402344,0.0001870456908363849,0.00012711207091342658,1.570804238319397,0.08046822249889374,-0.24074354767799377,0.7343783974647522,307.7607421875,297.8065490722656,201.7610321044922,-0.0099314721301198,-0.009563855826854706,1.5521414279937744,0.0,0.0,0.0,0,0
1786180947.950897,1.0272698930057231,APPROACH,FLOW,/home/eunseop/nrs_imitation/checkpoints/flow/polishing/single_cam/20260802_1549,302.4013671875,298.6716613769531,198.84005737304688,9.497878636466339e-05,0.00017635140102356672,1.5707921981811523,-0.14376428723335266,-0.46078240871429443,0.12026350945234299,307.8404846191406,297.7933654785156,201.8046417236328,-0.01008127722889185,-0.009709171019494534,1.5518624782562256,0.0,0.0,0.0,0,0
1786180947.958887,1.035260039003333,APPROACH,FLOW,/home/eunseop/nrs_imitation/checkpoints/flow/polishing/single_cam/20260802_1549,302.4184265136719,298.6893615722656,198.8557586669922,0.00012483433238230646,0.0001737142156343907,1.5707683563232422,-0.23610016703605652,-0.5061041712760925,0.370430052280426,307.92071533203125,297.78009033203125,201.8485565185547,-0.010232116095721722,-0.009855489246547222,1.5515815019607544,0.0,0.0,0.0,0,0
1786180947.9668946,1.0432674579933519,APPROACH,FLOW,/home/eunseop/nrs_imitation/checkpoints/flow/polishing/single_cam/20260802_1549,302.38909912109375,298.6800231933594,198.8239288330078,0.00010954301251331344,0.0002109566848957911,1.5708160400390625,-0.1298138052225113,-0.40255776047706604,0.12221600860357285,308.0009460449219,297.76678466796875,201.89242553710938,-0.010382838547229767,-0.010001694783568382,1.5513007640838623,0.0,0.0,0.0,0,0
1786180947.974835,1.0512078299943823,APPROACH,FLOW,/home/eunseop/nrs_imitation/checkpoints/flow/polishing/single_cam/20260802_1549,302.39447021484375,298.6807861328125,198.83677673339844,0.00011960043775616214,0.0001864577498054132,1.570804238319397,-0.16599111258983612,0.12537463009357452,0.08650276064872742,308.081787109375,297.75341796875,201.93667602539062,-0.01053481176495552,-0.010149112902581692,1.5510177612304688,0.0,0.0,0.0,0,0
1786180947.9829288,1.05930141400313,APPROACH,FLOW,/home/eunseop/nrs_imitation/checkpoints/flow/polishing/single_cam/20260802_1549,302.41302490234375,298.70135498046875,198.85433959960938,0.00015739406808279455,0.00012925767805427313,1.5707682371139526,0.08181902021169662,-0.43620991706848145,0.7906155586242676,308.16461181640625,297.7397155761719,201.9819793701172,-0.010690460912883282,-0.010300097055733204,1.5507277250289917,0.0,0.0,0.0,0,0
1786180947.9908955,1.067268626007717,APPROACH,FLOW,/home/eunseop/nrs_imitation/checkpoints/flow/polishing/single_cam/20260802_1549,302.4031677246094,298.7003479003906,198.82693481445312,9.517934086034074e-05,0.00017586287867743522,1.5708281993865967,-0.0770065188407898,-0.19566629827022552,0.5323818325996399,308.24554443359375,297.7262878417969,202.02621459960938,-0.010842454619705677,-0.01044753659516573,1.5504446029663086,0.0,0.0,0.0,0,0
1786180947.9988117,1.0751844909973443,APPROACH,FLOW,/home/eunseop/nrs_imitation/checkpoints/flow/polishing/single_cam/20260802_1549,302.41864013671875,298.69036865234375,198.8480987548828,0.00014713846030645072,0.00015424337470903993,1.570744276046753,0.4235313832759857,-0.6499194502830505,0.03178611025214195,308.32757568359375,297.7127380371094,202.07110595703125,-0.010996608063578606,-0.010597070679068565,1.5501574277877808,0.0,0.0,0.0,0,0
1786180948.0068605,1.0832333989965264,APPROACH,FLOW,/home/eunseop/nrs_imitation/checkpoints/flow/polishing/single_cam/20260802_1549,302.42413330078125,298.6761779785156,198.8467559814453,5.527731264010072e-05,0.00020299007883295417,1.5707802772521973,-0.08211448788642883,-0.23649555444717407,0.4955247640609741,308.4103698730469,297.6990051269531,202.11639404296875,-0.011152241379022598,-0.010748038999736309,1.5498675107955933,0.0,0.0,0.0,0,0
1786180948.0148666,1.0912397570064059,APPROACH,FLOW,/home/eunseop/nrs_imitation/checkpoints/flow/polishing/single_cam/20260802_1549,302.4136657714844,298.66448974609375,198.82815551757812,7.487543189199641e-05,0.00022534429444931448,1.5708041191101074,-0.2011997103691101,-0.018743157386779785,0.2956717312335968,308.49371337890625,297.68524169921875,202.16197204589844,-0.01130880881100893,-0.010899914428591728,1.549575924873352,0.0,0.0,0.0,0,0
1786180948.0228927,1.0992657220049296,APPROACH,FLOW,/home/eunseop/nrs_imitation/checkpoints/flow/polishing/single_cam/20260802_1549,302.41351318359375,298.6885070800781,198.85487365722656,0.00011046743020415306,0.00013862339255865663,1.5707921981811523,-0.10061716288328171,0.2593000531196594,0.460767537355423,308.5777587890625,297.67132568359375,202.2079620361328,-0.01146676205098629,-0.011053132824599743,1.5492817163467407,0.0,0.0,0.0,0,0
1786180948.0309238,1.1072965860075783,APPROACH,FLOW,/home/eunseop/nrs_imitation/checkpoints/flow/polishing/single_cam/20260802_1549,302.4369201660156,298.6689147949219,198.8534393310547,5.599870564765297e-05,0.00013114832108840346,1.5707682371139526,-0.009746946394443512,-0.14023785293102264,0.0587368905544281,308.6629333496094,297.6572265625,202.2545623779297,-0.01162683218717575,-0.011208406649529934,1.5489834547042847,0.0,0.0,0.0,0,0
1786180948.038863,1.115235864999704,APPROACH,FLOW,/home/eunseop/nrs_imitation/checkpoints/flow/polishing/single_cam/20260802_1549,302.407470703125,298.6875,198.82949829101562,0.00012986177171114832,0.0001614667271496728,1.570804238319397,0.3576298654079437,-0.4021833837032318,0.339778333902359,308.74627685546875,297.6434326171875,202.30014038085938,-0.011783410795032978,-0.011360292322933674,1.548691749572754,0.0,0.0,0.0,0,0
1786180948.046897,1.12326971499715,APPROACH,FLOW,/home/eunseop/nrs_imitation/checkpoints/flow/polishing/single_cam/20260802_1549,302.433349609375,298.6487731933594,198.82391357421875,4.794052438228391e-05,0.00018566106155049056,1.5707802772521973,-0.01580721326172352,-0.4156355857849121,0.17179833352565765,308.8316650390625,297.6293029785156,202.34686279296875,-0.011943931691348553,-0.011516002006828785,1.5483927726745605,0.0,0.0,0.0,0,0
1786180948.054888,1.131260933005251,APPROACH,FLOW,/home/eunseop/nrs_imitation/checkpoints/flow/polishing/single_cam/20260802_1549,302.41351318359375,298.6885070800781,198.85487365722656,0.00011046540748793632,0.00013862426567357033,1.5707682371139526,0.07774621993303299,0.1749444603919983,0.07133828103542328,308.9172668457031,297.6151428222656,202.39369201660156,-0.012104744091629982,-0.011671994812786579,1.548093318939209,0.0,0.0,0.0,0,0
1786180948.0628967,1.1392695749964332,APPROACH,FLOW,/home/eunseop/nrs_imitation/checkpoints/flow/polishing/single_cam/20260802_1549,302.4197082519531,298.70330810546875,198.87258911132812,0.00012555332796182483,0.00010187528823735192,1.570816159248352,0.007182558532804251,-0.19968333840370178,0.2821640074253082,309.0032958984375,297.60089111328125,202.44073486328125,-0.012266379781067371,-0.011828786693513393,1.5477921962738037,0.0,0.0,0.0,0,0
1786180948.070886,1.1472589400073048,APPROACH,FLOW,/home/eunseop/nrs_imitation/checkpoints/flow/polishing/single_cam/20260802_1549,302.39727783203125,298.6875,198.8354034423828,0.00011437252396717668,0.00019919630722142756,1.570816159248352,0.06063678115606308,-0.34390440583229065,-0.07297967374324799,309.0896911621094,297.58660888671875,202.48800659179688,-0.012428777292370796,-0.011986317113041878,1.5474896430969238,0.0,0.0,0.0,0,0
1786180948.0788052,1.155177940003341,APPROACH,FLOW,/home/eunseop/nrs_imitation/checkpoints/flow/polishing/single_cam/20260802_1549,302.3992614746094,298.6934509277344,198.82693481445312,0.0001444295048713684,0.0001960698573384434,1.5708280801773071,-0.11744645982980728,-0.0032619494013488293,0.12219475954771042,309.1761779785156,297.572265625,202.5353240966797,-0.012591313570737839,-0.012143982574343681,1.5471869707107544,0.0,0.0,0.0,0,0
1786180948.086866,1.1632388919970253,APPROACH,FLOW,/home/eunseop/nrs_imitation/checkpoints/flow/polishing/single_cam/20260802_1549,302.4477844238281,298.6705627441406,198.84950256347656,4.071677176398225e-05,0.00016838427109178156,1.5707563161849976,0.03920422121882439,-0.1651492863893509,0.5953869223594666,309.2635498046875,297.55780029296875,202.58309936523438,-0.012755462899804115,-0.012303212657570839,1.5468811988830566,0.0,0.0,0.0,0,0
1786180948.0949807,1.1713536070019472,APPROACH,FLOW,/home/eunseop/nrs_imitation/checkpoints/flow/polishing/single_cam/20260802_1549,302.41595458984375,298.68145751953125,198.83489990234375,8.783975499682128e-05,0.0001585326826898381,1.570804238319397,0.1039472296833992,-0.008611626923084259,0.18238265812397003,309.3519287109375,297.5431823730469,202.63145446777344,-0.012921556830406189,-0.012464328669011593,1.5465717315673828,0.0,0.0,0.0,0,0
1786180948.1031427,1.1795156419975683,APPROACH,FLOW,/home/eunseop/nrs_imitation/checkpoints/flow/polishing/single_cam/20260802_1549,302.4136962890625,298.6767883300781,198.8241729736328,8.512556087225676e-05,0.00020035760826431215,1.5707682371139526,0.03531443327665329,-0.5262816548347473,0.23417936265468597,309.4432373046875,297.528076171875,202.681396484375,-0.013093110173940659,-0.01263074018061161,1.5462522506713867,0.0,0.0,0.0,0,0
1786180948.1108522,1.1872254019981483,APPROACH,FLOW,/home/eunseop/nrs_imitation/checkpoints/flow/polishing/single_cam/20260802_1549,302.4304504394531,298.6790466308594,198.8453369140625,7.559126970591024e-05,0.00015350345347542316,1.5707682371139526,0.1307165026664734,-0.46162843704223633,0.44560274481773376,309.5281066894531,297.5140380859375,202.72781372070312,-0.013252567499876022,-0.012785418890416622,1.5459551811218262,0.0,0.0,0.0,0,0
1786180948.1188855,1.1952584509999724,APPROACH,FLOW,/home/eunseop/nrs_imitation/checkpoints/flow/polishing/single_cam/20260802_1549,302.40997314453125,298.6800537109375,198.84738159179688,9.518203296465799e-05,0.0001758603029884398,1.5707921981811523,0.2401321828365326,0.25464075803756714,0.4699763357639313,309.61749267578125,297.4992370605469,202.77671813964844,-0.01342055294662714,-0.012948370538651943,1.545642375946045,0.0,0.0,0.0,0,0
1786180948.1268826,1.2032555299956584,APPROACH,FLOW,/home/eunseop/nrs_imitation/checkpoints/flow/polishing/single_cam/20260802_1549,302.4216613769531,298.68359375,198.84085083007812,9.538736048853025e-05,0.00017536805535200983,1.5707921981811523,0.17680585384368896,-0.1464020311832428,0.46217697858810425,309.70697021484375,297.4844055175781,202.82566833496094,-0.013588709756731987,-0.013111487962305546,1.5453290939331055,0.0,0.0,0.0,0,0
1786180948.1348853,1.2112583209964214,APPROACH,FLOW,/home/eunseop/nrs_imitation/checkpoints/flow/polishing/single_cam/20260802_1549,302.4365234375,298.68194580078125,198.8529510498047,0.00010312449012417346,0.00012129361857660115,1.5707203149795532,-0.023211564868688583,0.16299480199813843,0.2576287090778351,309.7968444824219,297.46954345703125,202.87484741210938,-0.013757655397057533,-0.013275370001792908,1.5450143814086914,0.0,0.0,0.0,0,0
1786180948.1429875,1.2193605119973654,APPROACH,FLOW,/home/eunseop/nrs_imitation/checkpoints/flow/polishing/single_cam/20260802_1549,302.3927917480469,298.6889343261719,198.831787109375,9.948336082743481e-05,0.00023545502335764468,1.5707920789718628,-0.147847980260849,0.053253017365932465,0.11909426748752594,309.887451171875,297.4545593261719,202.9243927001953,-0.013927836902439594,-0.0134404506534338,1.5446974039077759,0.0,0.0,0.0,0,0
1786180948.1507862,1.2271587410068605,APPROACH,FLOW,/home/eunseop/nrs_imitation/checkpoints/flow/polishing/single_cam/20260802_1549,302.419189453125,298.6904296875,198.84869384765625,0.00011246075882809237,0.0001686375035205856,1.5707682371139526,0.16475896537303925,-0.2943493127822876,0.095061756670475,309.9773254394531,297.4396667480469,202.9735565185547,-0.014096724800765514,-0.013604278676211834,1.5443826913833618,0.0,0.0,0.0,0,0
1786180948.158841,1.2352136310073547,APPROACH,FLOW,/home/eunseop/nrs_imitation/checkpoints/flow/polishing/single_cam/20260802_1549,302.4115295410156,298.696533203125,198.84671020507812,0.00011748944962164387,0.00015638953482266515,1.570816159248352,0.02714536152780056,-0.523664653301239,0.17159682512283325,310.06866455078125,297.424560546875,203.02352905273438,-0.014268397353589535,-0.01377080474048853,1.5440630912780762,0.0,0.0,0.0,0,0
1786180948.1668186,1.2431914240005426,APPROACH,FLOW,/home/eunseop/nrs_imitation/checkpoints/flow/polishing/single_cam/20260802_1549,302.4098815917969,298.6797790527344,198.8173828125,8.51231743581593e-05,0.0002003586123464629,1.5707682371139526,-0.02841523103415966,-0.1854754388332367,0.06100446358323097,310.16015625,297.409423828125,203.07359313964844,-0.014440332539379597,-0.013937587849795818,1.5437426567077637,0.0,0.0,0.0,0,0
1786180948.1747754,1.251148176001152,APPROACH,FLOW,/home/eunseop/nrs_imitation/checkpoints/flow/polishing/single_cam/20260802_1549,302.4207458496094,298.69293212890625,198.86509704589844,9.789483738131821e-05,0.0001340349845122546,1.5707921981811523,0.09624802321195602,-0.243309885263443,0.5281049013137817,310.251953125,297.39422607421875,203.12380981445312,-0.014612832106649876,-0.014104916714131832,1.5434215068817139,0.0,0.0,0.0,0,0
1786180948.1827598,1.259132460996625,APPROACH,FLOW,/home/eunseop/nrs_imitation/checkpoints/flow/polishing/single_cam/20260802_1549,302.423583984375,298.6857604980469,198.8394012451172,4.0917573642218485e-05,0.0001678975677350536,1.5708876848220825,0.37006258964538574,-0.3414791524410248,0.15942269563674927,310.3443298339844,297.3789367675781,203.17431640625,-0.01478638593107462,-0.014273269101977348,1.5430982112884521,0.0,0.0,0.0,0,0
1786180948.1908228,1.2671957679995103,APPROACH,FLOW,/home/eunseop/nrs_imitation/checkpoints/flow/polishing/single_cam/20260802_1549,302.4156799316406,298.6564636230469,198.83612060546875,6.753015622962266e-05,0.000208017198019661,1.5707921981811523,0.24535298347473145,-0.050695374608039856,0.25653451681137085,310.43731689453125,297.363525390625,203.22518920898438,-0.0149611234664917,-0.014442769810557365,1.542772650718689,0.0,0.0,0.0,0,0
1786180948.198816,1.2751888299972052,APPROACH,FLOW,/home/eunseop/nrs_imitation/checkpoints/flow/polishing/single_cam/20260802_1549,302.40631103515625,298.69683837890625,198.8562469482422,0.000140115967951715,0.00013648088497575372,1.5707921981811523,0.08319826424121857,-0.09051308780908585,0.07287874817848206,310.5304870605469,297.3481140136719,203.27615356445312,-0.01513621211051941,-0.014612611383199692,1.542446494102478,0.0,0.0,0.0,0,0
1786180948.2068849,1.2832578670058865,APPROACH,FLOW,/home/eunseop/nrs_imitation/checkpoints/flow/polishing/single_cam/20260802_1549,302.4161682128906,298.69610595703125,198.8665313720703,0.00014012133760843426,0.00013647628657054156,1.570816159248352,-0.025495337322354317,-0.45835286378860474,0.2075895220041275,310.6244812011719,297.33258056640625,203.32757568359375,-0.015312839299440384,-0.014783944934606552,1.5421174764633179,0.0,0.0,0.0,0,0
1786180948.2147524,1.2911252390040318,APPROACH,FLOW,/home/eunseop/nrs_imitation/checkpoints/flow/polishing/single_cam/20260802_1549,302.4198303222656,298.67926025390625,198.8458709716797,8.995478856377304e-05,0.0001885975361801684,1.5707682371139526,-0.29905837774276733,0.07155226171016693,0.42882078886032104,310.7176208496094,297.317138671875,203.3785400390625,-0.01548786275088787,-0.014953723177313805,1.541791558265686,0.0,0.0,0.0,0,0
1786180948.2227924,1.2991653310018592,APPROACH,FLOW,/home/eunseop/nrs_imitation/checkpoints/flow/polishing/single_cam/20260802_1549,302.3985595703125,298.69110107421875,198.84390258789062,0.00013184624549467117,0.0001914862368721515,1.5707560777664185,-0.12371068447828293,0.11563625931739807,0.1702052503824234,310.81231689453125,297.30145263671875,203.43032836914062,-0.015665831044316292,-0.015126359649002552,1.5414600372314453,0.0,0.0,0.0,0,0
1786180948.2307622,1.307135107999784,APPROACH,FLOW,/home/eunseop/nrs_imitation/checkpoints/flow/polishing/single_cam/20260802_1549,302.4186096191406,298.67572021484375,198.8609619140625,8.281028567580506e-05,0.00017078136443160474,1.5707682371139526,0.2852703928947449,-0.45877552032470703,-0.02274097129702568,310.90692138671875,297.2857971191406,203.48208618164062,-0.01584361493587494,-0.015298813581466675,1.5411287546157837,0.0,0.0,0.0,0,0
1786180948.239006,1.3153786589973606,APPROACH,FLOW,/home/eunseop/nrs_imitation/checkpoints/flow/polishing/single_cam/20260802_1549,302.4139404296875,298.6894836425781,198.85659790039062,0.00010504142119316384,0.0001518507779110223,1.5708401203155518,0.11880700290203094,-0.45498916506767273,0.3001808226108551,311.0048828125,297.26959228515625,203.53567504882812,-0.01602768525481224,-0.015477367676794529,1.5407860279083252,0.0,0.0,0.0,0,0
1786180948.246824,1.3231967260071542,APPROACH,FLOW,/home/eunseop/nrs_imitation/checkpoints/flow/polishing/single_cam/20260802_1549,302.4129943847656,298.6743469238281,198.82952880859375,6.752788613084704e-05,0.00020801869686692953,1.570816159248352,-0.03313693404197693,0.2648601233959198,0.38440248370170593,311.09783935546875,297.25421142578125,203.58651733398438,-0.01620233617722988,-0.015646783635020256,1.5404607057571411,0.0,0.0,0.0,0,0
1786180948.2548952,1.3312678380025318,APPROACH,FLOW,/home/eunseop/nrs_imitation/checkpoints/flow/polishing/single_cam/20260802_1549,302.4298400878906,298.71417236328125,198.88426208496094,0.00010595838102744892,7.95222949818708e-05,1.5707921981811523,0.253423273563385,-0.07584249973297119,0.1646864116191864,311.1940002441406,297.23828125,203.63909912109375,-0.016383035108447075,-0.015822067856788635,1.5401240587234497,0.0,0.0,0.0,0,0
1786180948.2628064,1.339179664006224,APPROACH,FLOW,/home/eunseop/nrs_imitation/checkpoints/flow/polishing/single_cam/20260802_1549,302.418212890625,298.6880798339844,198.8627166748047,0.0001275445392820984,0.00013189051242079586,1.5707682371139526,0.16155420243740082,-0.08080518245697021,0.44375085830688477,311.2900695800781,297.222412109375,203.69166564941406,-0.0165635384619236,-0.015997162088751793,1.5397878885269165,0.0,0.0,0.0,0,0
1786180948.2709513,1.347324196001864,APPROACH,FLOW,/home/eunseop/nrs_imitation/checkpoints/flow/polishing/single_cam/20260802_1549,302.4242248535156,298.6897277832031,198.862548828125,0.00010021633352153003,0.00016360824520234019,1.570816159248352,0.279453307390213,-0.12849323451519012,0.3857477307319641,311.38726806640625,297.206298828125,203.74484252929688,-0.01674622856080532,-0.016174377873539925,1.539447546005249,0.0,0.0,0.0,0,0
1786180948.2804193,1.3567920269997558,APPROACH,FLOW,/home/eunseop/nrs_imitation/checkpoints/flow/polishing/single_cam/20260802_1549,302.4163818359375,298.7081298828125,198.8653564453125,0.00012271640298422426,0.00014365148672368377,1.5707921981811523,-0.006137272343039513,0.1337565779685974,0.10085222870111465,311.5035400390625,297.18707275390625,203.80844116210938,-0.016964692622423172,-0.01638629287481308,1.5390406847000122,0.0,0.0,0.0,0,0
1786180948.286893,1.3632657340058358,APPROACH,FLOW,/home/eunseop/nrs_imitation/checkpoints/flow/polishing/single_cam/20260802_1549,302.4130859375,298.70025634765625,198.8529510498047,0.00012774550123140216,0.0001314019609708339,1.570804238319397,0.06651320308446884,0.20951859652996063,0.7099390625953674,311.5816650390625,297.1741027832031,203.85116577148438,-0.017111511901021004,-0.01652871072292328,1.5387670993804932,0.0,0.0,0.0,0,0
1786180948.29493,1.3713028299971484,APPROACH,FLOW,/home/eunseop/nrs_imitation/checkpoints/flow/polishing/single_cam/20260802_1549,302.41131591796875,298.6844482421875,198.83628845214844,0.00012986372166778892,0.00016146517009474337,1.570804238319397,-0.06314168125391006,-0.06217040494084358,0.25078096985816956,311.67962646484375,297.1579284667969,203.90478515625,-0.01729564182460308,-0.016707323491573334,1.5384241342544556,0.0,0.0,0.0,0,0
1786180948.3028197,1.3791925450059352,APPROACH,FLOW,/home/eunseop/nrs_imitation/checkpoints/flow/polishing/single_cam/20260802_1549,302.41015625,298.6567077636719,198.84791564941406,9.738221706356853e-05,0.00020538285025395453,1.5707921981811523,-0.16521228849887848,0.04863299801945686,0.03423009440302849,311.77728271484375,297.1417541503906,203.95819091796875,-0.01747908815741539,-0.016885273158550262,1.5380823612213135,0.0,0.0,0.0,0,0
1786180948.310979,1.3873518549953587,APPROACH,FLOW,/home/eunseop/nrs_imitation/checkpoints/flow/polishing/single_cam/20260802_1549,302.38507080078125,298.6827087402344,198.82191467285156,8.92342723091133e-05,0.00026044301921501756,1.5708760023117065,-0.1852997988462448,-0.7365698218345642,0.5483362674713135,311.87646484375,297.1253356933594,204.01243591308594,-0.017665496096014977,-0.017066095024347305,1.5377352237701416,0.0,0.0,0.0,0,0
1786180948.3188999,1.3952727989963023,APPROACH,FLOW,/home/eunseop/nrs_imitation/checkpoints/flow/polishing/single_cam/20260802_1549,302.4052429199219,298.68218994140625,198.84449768066406,0.00010955059406114742,0.00021095274132676423,1.570816159248352,0.21055462956428528,-0.393541544675827,0.8361867666244507,311.97509765625,297.1090087890625,204.06640625,-0.01785084418952465,-0.017245884984731674,1.5373899936676025,0.0,0.0,0.0,0,0
1786180948.3269053,1.4032783949951408,APPROACH,FLOW,/home/eunseop/nrs_imitation/checkpoints/flow/polishing/single_cam/20260802_1549,302.39923095703125,298.69219970703125,198.8368377685547,0.0001196017547044903,0.00018645732779987156,1.5708162784576416,0.11696415394544601,0.08372116088867188,0.4802827835083008,312.0743713378906,297.09259033203125,204.12071228027344,-0.018037406727671623,-0.017426857724785805,1.5370423793792725,0.0,0.0,0.0,0,0
1786180948.3347867,1.411159362993203,APPROACH,FLOW,/home/eunseop/nrs_imitation/checkpoints/flow/polishing/single_cam/20260802_1549,302.4270935058594,298.6953430175781,198.84808349609375,8.564403105992824e-05,0.00012900750152766705,1.5707682371139526,0.04830140620470047,-0.20649753510951996,0.6120081543922424,312.1734924316406,297.076171875,204.1749267578125,-0.01822364144027233,-0.017607511952519417,1.5366954803466797,0.0,0.0,0.0,0,0
1786180948.3428776,1.4192506319959648,APPROACH,FLOW,/home/eunseop/nrs_imitation/checkpoints/flow/polishing/single_cam/20260802_1549,302.4122009277344,298.6609802246094,198.8102569580078,5.938667163718492e-05,0.00026307153166271746,1.5707801580429077,0.04034809395670891,-0.21225044131278992,0.6511232852935791,312.2738037109375,297.0595397949219,204.22979736328125,-0.018412193283438683,-0.017790410667657852,1.536344289779663,0.0,0.0,0.0,0,0
1786180948.3507931,1.427166046007187,APPROACH,FLOW,/home/eunseop/nrs_imitation/checkpoints/flow/polishing/single_cam/20260802_1549,302.39080810546875,298.7347412109375,198.88426208496094,0.0001920665381476283,0.00011487444135127589,1.570804238319397,-0.029031410813331604,0.2602367699146271,0.5303177237510681,312.37371826171875,297.04302978515625,204.28445434570312,-0.01859988085925579,-0.01797247678041458,1.5359946489334106,0.0,0.0,0.0,0,0
1786180948.3587663,1.435139009001432,APPROACH,FLOW,/home/eunseop/nrs_imitation/checkpoints/flow/polishing/single_cam/20260802_1549,302.41900634765625,298.6900329589844,198.8302459716797,0.00010723044397309422,0.00018137681763619184,1.570756196975708,0.20304064452648163,-0.03882499411702156,0.08688173443078995,312.47430419921875,297.0263671875,204.3394775390625,-0.018788905814290047,-0.018155835568904877,1.5356426239013672,0.0,0.0,0.0,0,0
1786180948.3668299,1.4432027970033232,APPROACH,FLOW,/home/eunseop/nrs_imitation/checkpoints/flow/polishing/single_cam/20260802_1549,302.4222106933594,298.6964416503906,198.84097290039062,9.769468306330964e-05,0.000134524583700113,1.570804238319397,0.4395238161087036,-0.39954474568367004,0.1932724416255951,312.5755615234375,297.0096130371094,204.39486694335938,-0.018979176878929138,-0.018340405076742172,1.5352882146835327,0.0,0.0,0.0,0,0
1786180948.3747702,1.451143027006765,APPROACH,FLOW,/home/eunseop/nrs_imitation/checkpoints/flow/polishing/single_cam/20260802_1549,302.41485595703125,298.6685791015625,198.85205078125,0.00012483392492868006,0.0001737136481096968,1.570744276046753,0.24935638904571533,-0.7402437925338745,-0.20821627974510193,312.67669677734375,296.9928894042969,204.45018005371094,-0.01916923001408577,-0.018524760380387306,1.5349340438842773,0.0,0.0,0.0,0,0
1786180948.382763,1.4591357989993412,APPROACH,FLOW,/home/eunseop/nrs_imitation/checkpoints/flow/polishing/single_cam/20260802_1549,302.40631103515625,298.7206115722656,198.87396240234375,0.00014283017662819475,9.465649782214314e-05,1.570864200592041,0.34396159648895264,-0.17996637523174286,0.19488054513931274,312.7784423828125,296.9760437011719,204.50584411621094,-0.01936039701104164,-0.018710197880864143,1.5345780849456787,0.0,0.0,0.0,0,0
1786180948.390785,1.4671577459957916,APPROACH,FLOW,/home/eunseop/nrs_imitation/checkpoints/flow/polishing/single_cam/20260802_1549,302.4457092285156,298.70343017578125,198.8903045654297,0.0001160169776994735,5.501949635799974e-05,1.5707802772521973,-0.08671856671571732,-0.09236012399196625,-0.16169485449790955,312.8804626464844,296.9591369628906,204.56166076660156,-0.01955217681825161,-0.018896229565143585,1.5342206954956055,0.0,0.0,0.0,0,0
1786180948.3988972,1.4752699859964196,APPROACH,FLOW,/home/eunseop/nrs_imitation/checkpoints/flow/polishing/single_cam/20260802_1549,302.41632080078125,298.69647216796875,198.84359741210938,0.00013006482913624495,0.00016097520710900426,1.570804238319397,0.17486144602298737,-0.16280196607112885,0.2667134702205658,312.98345947265625,296.94207763671875,204.6179962158203,-0.0197457242757082,-0.019083978608250618,1.533860206604004,0.0,0.0,0.0,0,0
1786180948.4067757,1.48314870899776,APPROACH,FLOW,/home/eunseop/nrs_imitation/checkpoints/flow/polishing/single_cam/20260802_1549,302.39898681640625,298.6916198730469,198.83004760742188,0.00011960568372160196,0.00018645609088707715,1.5708521604537964,0.09861786663532257,-0.13788843154907227,0.4058184027671814,313.0855712890625,296.9252014160156,204.67385864257812,-0.019937582314014435,-0.01927008666098118,1.5335028171539307,0.0,0.0,0.0,0,0
1786180948.4166348,1.4930077089957194,APPROACH,FLOW,/home/eunseop/nrs_imitation/checkpoints/flow/polishing/single_cam/20260802_1549,302.4314880371094,298.67059326171875,198.8314208984375,0.00010001767805078998,0.00016409561794716865,1.5707802772521973,0.10219161957502365,0.1153172105550766,0.3236157298088074,313.2122802734375,296.90423583984375,204.7431640625,-0.020175691694021225,-0.019501060247421265,1.5330593585968018,0.0,0.0,0.0,0,0
1786180948.4228446,1.4992176719970303,APPROACH,FLOW,/home/eunseop/nrs_imitation/checkpoints/flow/polishing/single_cam/20260802_1549,302.4251403808594,298.6919250488281,198.84808349609375,0.00011026558058802038,0.00013911245332565159,1.570744276046753,0.16753770411014557,-0.2979690134525299,0.38953304290771484,313.2923583984375,296.8909912109375,204.7869873046875,-0.02032613940536976,-0.01964700035750866,1.5327792167663574,0.0,0.0,0.0,0,0
1786180948.4308639,1.50723677300266,APPROACH,FLOW,/home/eunseop/nrs_imitation/checkpoints/flow/polishing/single_cam/20260802_1549,302.4406433105469,298.6784362792969,198.85317993164062,6.804822623962536e-05,0.0001366653887089342,1.5707683563232422,0.210440531373024,-0.2562739849090576,0.5869042873382568,313.3961181640625,296.873779296875,204.84373474121094,-0.020521173253655434,-0.0198361873626709,1.532415747642517,0.0,0.0,0.0,0,0
1786180948.438772,1.5151448529941263,APPROACH,FLOW,/home/eunseop/nrs_imitation/checkpoints/flow/polishing/single_cam/20260802_1549,302.4112243652344,298.6849060058594,198.83372497558594,0.00013205560389906168,0.00019099106430076063,1.5707682371139526,-0.04126662760972977,0.29945918917655945,0.1110285148024559,313.49981689453125,296.85662841796875,204.90048217773438,-0.020716039463877678,-0.020025214180350304,1.5320528745651245,0.0,0.0,0.0,0,0
1786180948.4468684,1.5232414229976712,APPROACH,FLOW,/home/eunseop/nrs_imitation/checkpoints/flow/polishing/single_cam/20260802_1549,302.4189453125,298.65338134765625,198.83071899414062,9.718047658680007e-05,0.0002058714599115774,1.570744276046753,-0.02979869581758976,-0.4514704942703247,0.6071051359176636,313.6044921875,296.8393249511719,204.95773315429688,-0.02091272547841072,-0.02021600492298603,1.5316864252090454,0.0,0.0,0.0,0,0
1786180948.4548848,1.5312579390010796,APPROACH,FLOW,/home/eunseop/nrs_imitation/checkpoints/flow/polishing/single_cam/20260802_1549,302.41156005859375,298.7088317871094,198.87258911132812,0.00013780026347376406,0.0001069055579137057,1.570804238319397,-0.024575233459472656,-0.34548306465148926,0.5173108577728271,313.7096252441406,296.8218994140625,205.01522827148438,-0.02111026644706726,-0.020407624542713165,1.5313185453414917,0.0,0.0,0.0,0,0
1786180948.4628856,1.539258485994651,APPROACH,FLOW,/home/eunseop/nrs_imitation/checkpoints/flow/polishing/single_cam/20260802_1549,302.4203186035156,298.65478515625,198.82447814941406,5.0053527957061306e-05,0.00021572851983364671,1.570804238319397,-0.05610882490873337,-0.07136257737874985,0.24038845300674438,313.81463623046875,296.8045349121094,205.07269287109375,-0.021307600662112236,-0.020599044859409332,1.530950903892517,0.0,0.0,0.0,0,0
1786180948.470879,1.5472518280002987,APPROACH,FLOW,/home/eunseop/nrs_imitation/checkpoints/flow/polishing/single_cam/20260802_1549,302.432373046875,298.69586181640625,198.8607940673828,9.570328984409571e-05,0.00010450779518578202,1.570792317390442,0.2217780202627182,-0.5468744039535522,0.15231405198574066,313.919921875,296.787109375,205.13027954101562,-0.021505465731024742,-0.020790979266166687,1.530582308769226,0.0,0.0,0.0,0,0
1786180948.4788816,1.5552544289967045,APPROACH,FLOW,/home/eunseop/nrs_imitation/checkpoints/flow/polishing/single_cam/20260802_1549,302.40118408203125,298.68402099609375,198.8567352294922,0.00011748418910428882,0.00015639228513464332,1.5707802772521973,0.1943957656621933,-0.1504141092300415,0.3582332730293274,314.02557373046875,296.76959228515625,205.1880645751953,-0.02170397900044918,-0.02098354697227478,1.530212640762329,0.0,0.0,0.0,0,0
1786180948.4868033,1.5631760740070604,APPROACH,FLOW,/home/eunseop/nrs_imitation/checkpoints/flow/polishing/single_cam/20260802_1549,302.4070129394531,298.6973571777344,198.8453369140625,0.00010020963964052498,0.0001636127126403153,1.5708281993865967,0.30875808000564575,-0.10978297889232635,-0.14952069520950317,314.13116455078125,296.75213623046875,205.24581909179688,-0.021902382373809814,-0.02117600105702877,1.5298429727554321,0.0,0.0,0.0,0,0
1786180948.4949286,1.5713015390065266,APPROACH,FLOW,/home/eunseop/nrs_imitation/checkpoints/flow/polishing/single_cam/20260802_1549,302.4386291503906,298.67303466796875,198.83628845214844,5.6002212659223005e-05,0.0001311478263232857,1.570816159248352,0.3242415487766266,-0.1565418541431427,0.32958731055259705,314.23797607421875,296.7344665527344,205.3042449951172,-0.022103095427155495,-0.021370699629187584,1.5294691324234009,0.0,0.0,0.0,0,0
1786180948.5028887,1.579261567996582,APPROACH,FLOW,/home/eunseop/nrs_imitation/checkpoints/flow/polishing/single_cam/20260802_1549,302.40850830078125,298.6771240234375,198.83352661132812,0.00010743191523943096,0.0001808874512789771,1.5707802772521973,0.3734470009803772,-0.05721445009112358,0.43933117389678955,314.34442138671875,296.71685791015625,205.3624725341797,-0.02230309508740902,-0.021564707159996033,1.5290966033935547,0.0,0.0,0.0,0,0
1786180948.5109346,1.587307409994537,APPROACH,FLOW,/home/eunseop/nrs_imitation/checkpoints/flow/polishing/single_cam/20260802_1549,302.4183654785156,298.712890625,198.85508728027344,0.00012251848238520324,0.00014413995086215436,1.5708281993865967,0.18135595321655273,-0.5374917984008789,0.43958017230033875,314.45135498046875,296.69915771484375,205.42098999023438,-0.02250409685075283,-0.02175968326628208,1.5287222862243652,0.0,0.0,0.0,0,0
1786180948.5189304,1.595303458001581,APPROACH,FLOW,/home/eunseop/nrs_imitation/checkpoints/flow/polishing/single_cam/20260802_1549,302.42572021484375,298.6939392089844,198.8543243408203,0.00013277593825478107,0.00011914936476387084,1.5707802772521973,0.1802016943693161,-0.23540309071540833,0.3515826463699341,314.55841064453125,296.6814270019531,205.47955322265625,-0.022705290466547012,-0.021954847499728203,1.528347373008728,0.0,0.0,0.0,0,0
1786180948.5269177,1.6032906089967582,APPROACH,FLOW,/home/eunseop/nrs_imitation/checkpoints/flow/polishing/single_cam/20260802_1549,302.4094543457031,298.66717529296875,198.8232879638672,8.189414074877277e-05,0.00024311123706866056,1.5707920789718628,0.028270285576581955,-0.2890881896018982,-0.17305327951908112,314.6659240722656,296.66363525390625,205.53836059570312,-0.022907277569174767,-0.022150781005620956,1.5279711484909058,0.0,0.0,0.0,0,0
1786180948.5347419,1.6111146080074832,APPROACH,FLOW,/home/eunseop/nrs_imitation/checkpoints/flow/polishing/single_cam/20260802_1549,302.41815185546875,298.688720703125,198.84869384765625,0.00012483308091759682,0.00017371468129567802,1.5707563161849976,0.04053252935409546,-0.060927897691726685,0.021127110347151756,314.7725830078125,296.6459655761719,205.59669494628906,-0.023107724264264107,-0.022345220670104027,1.5275977849960327,0.0,0.0,0.0,0,0
1786180948.5429406,1.6193136429938022,APPROACH,FLOW,/home/eunseop/nrs_imitation/checkpoints/flow/polishing/single_cam/20260802_1549,302.4128723144531,298.67486572265625,198.84494018554688,0.00010001211194321513,0.0001640997506910935,1.570804238319397,0.12776462733745575,-0.18534526228904724,0.31536898016929626,314.8817138671875,296.6279296875,205.65640258789062,-0.02331279218196869,-0.022544143721461296,1.527215838432312,0.0,0.0,0.0,0,0
1786180948.5508976,1.6272705760056851,APPROACH,FLOW,/home/eunseop/nrs_imitation/checkpoints/flow/polishing/single_cam/20260802_1549,302.42657470703125,298.6820373535156,198.82693481445312,7.056797039695084e-05,0.0001657523971516639,1.5708398818969727,0.26398080587387085,-0.5870605111122131,0.08347359299659729,314.99005126953125,296.6099853515625,205.71563720703125,-0.023516317829489708,-0.022741569206118584,1.52683687210083,0.0,0.0,0.0,0,0
1786180948.5588858,1.6352586790017085,APPROACH,FLOW,/home/eunseop/nrs_imitation/checkpoints/flow/polishing/single_cam/20260802_1549,302.42333984375,298.6979064941406,198.85574340820312,6.321862019831315e-05,0.00014842745440546423,1.5708401203155518,-0.163899227976799,-0.3689868152141571,0.14108578860759735,315.0986633300781,296.5920104980469,205.7750701904297,-0.02372046373784542,-0.022939596325159073,1.5264564752578735,0.0,0.0,0.0,0,0
1786180948.5669055,1.6432784820062807,APPROACH,FLOW,/home/eunseop/nrs_imitation/checkpoints/flow/polishing/single_cam/20260802_1549,302.4194030761719,298.677001953125,198.83091735839844,6.03055304964073e-05,0.00019074170268140733,1.570804238319397,0.027316998690366745,-0.05567457899451256,0.20950624346733093,315.2076110839844,296.573974609375,205.83465576171875,-0.02392515167593956,-0.023138150572776794,1.5260751247406006,0.0,0.0,0.0,0,0
1786180948.5749571,1.6513300759979757,APPROACH,FLOW,/home/eunseop/nrs_imitation/checkpoints/flow/polishing/single_cam/20260802_1549,302.42144775390625,298.6812744140625,198.83489990234375,6.32174196653068e-05,0.00014842710515949875,1.570804238319397,-0.06635718047618866,-0.04500270262360573,0.20104679465293884,315.31707763671875,296.55584716796875,205.89456176757812,-0.024130864068865776,-0.023337695747613907,1.5256919860839844,0.0,0.0,0.0,0,0
1786180948.5829175,1.6592902349948417,APPROACH,FLOW,/home/eunseop/nrs_imitation/checkpoints/flow/polishing/single_cam/20260802_1549,302.40301513671875,298.7012634277344,198.85157775878906,0.00013508832489605993,0.0001487303525209427,1.5708162784576416,0.32142096757888794,-0.1489890217781067,0.27773377299308777,315.42626953125,296.53778076171875,205.95428466796875,-0.0243360735476017,-0.02353675663471222,1.525309681892395,0.0,0.0,0.0,0,0
1786180948.5909529,1.6673260190000292,APPROACH,FLOW,/home/eunseop/nrs_imitation/checkpoints/flow/polishing/single_cam/20260802_1549,302.4110412597656,298.6940612792969,198.87307739257812,0.000102920901554171,0.00012178805627627298,1.5708041191101074,0.1601950228214264,-0.36558249592781067,0.1868617832660675,315.5361633300781,296.51959228515625,206.014404296875,-0.024542592465877533,-0.023737087845802307,1.5249251127243042,0.0,0.0,0.0,0,0
1786180948.5987833,1.6751560190023156,APPROACH,FLOW,/home/eunseop/nrs_imitation/checkpoints/flow/polishing/single_cam/20260802_1549,302.4189758300781,298.6894226074219,198.84445190429688,0.00011026593710994348,0.00013911290443502367,1.5707682371139526,-0.010380699299275875,-0.3705727458000183,0.3814832270145416,315.64544677734375,296.5014953613281,206.0741729736328,-0.024747909978032112,-0.023936251178383827,1.5245425701141357,0.0,0.0,0.0,0,0
1786180948.6067934,1.683166204005829,APPROACH,FLOW,/home/eunseop/nrs_imitation/checkpoints/flow/polishing/single_cam/20260802_1549,302.4201965332031,298.7044677734375,198.83299255371094,0.00010503925295779482,0.00015185153461061418,1.570816159248352,-0.002754773246124387,-0.08112959563732147,0.28010740876197815,315.75579833984375,296.4832458496094,206.13455200195312,-0.02495531179010868,-0.024137437343597412,1.5241563320159912,0.0,0.0,0.0,0,0
1786180948.6148942,1.6912671119935112,APPROACH,FLOW,/home/eunseop/nrs_imitation/checkpoints/flow/polishing/single_cam/20260802_1549,302.4029846191406,298.6645812988281,198.84007263183594,0.00011960973642999306,0.0001864526275312528,1.570827841758728,0.11153039336204529,-0.1133844181895256,0.4203627407550812,315.86688232421875,296.46484375,206.1953125,-0.025164024904370308,-0.024339893832802773,1.5237674713134766,0.0,0.0,0.0,0,0
1786180948.622886,1.6992588309949497,APPROACH,FLOW,/home/eunseop/nrs_imitation/checkpoints/flow/polishing/single_cam/20260802_1549,302.4107666015625,298.6703186035156,198.82273864746094,9.214792953571305e-05,0.0002181234594900161,1.570768117904663,0.21769815683364868,-0.39651283621788025,0.2970227897167206,315.9777526855469,296.446533203125,206.25595092773438,-0.02537236362695694,-0.024541988968849182,1.5233794450759888,0.0,0.0,0.0,0,0
1786180948.630922,1.707294934996753,APPROACH,FLOW,/home/eunseop/nrs_imitation/checkpoints/flow/polishing/single_cam/20260802_1549,302.41650390625,298.6956481933594,198.86024475097656,0.00010503925295779482,0.00015185153461061418,1.570816159248352,0.14137612283229828,-0.06037743389606476,0.27257871627807617,316.08880615234375,296.4281005859375,206.31671142578125,-0.025581084191799164,-0.024744456633925438,1.5229905843734741,0.0,0.0,0.0,0,0
1786180948.6389534,1.715326670993818,APPROACH,FLOW,/home/eunseop/nrs_imitation/checkpoints/flow/polishing/single_cam/20260802_1549,302.4301452636719,298.6795654296875,198.86978149414062,0.00011529572657309473,0.00012686126865446568,1.5707322359085083,0.16765306890010834,-0.23353809118270874,0.5509971380233765,316.2001037597656,296.4096984863281,206.37759399414062,-0.025790242478251457,-0.02494734339416027,1.5226010084152222,0.0,0.0,0.0,0,0
